target,ligand_id,input,input_sha256,msa,status,returncode,wall_seconds,affinity_json,affinity_pred_value,affinity_probability_binary,experimental_dg_kcal_mol,checkpoint_conf_sha256,checkpoint_aff_sha256
CDK2,17,runs/fmo87/boltz_inputs/CDK2_17.yaml,ea338bd9b52f47586d4df4736024328cb61374a089afcf951ef9da234fce9360,runs/fmo87/boltz_msa/CDK2_1.csv,SUCCEEDED_CACHED,0,0.0,runs/fmo87/boltz_predictions_final/CDK2/boltz_results_CDK2_17/predictions/CDK2_17/affinity_CDK2_17.json,-0.0843071788549423,0.6788129806518555,-7.04,090e82ac8c92f5e943fa1b39e7410a44027bea7243c0bbb3caa67a77fc1428e1,dcc5cd3722b1c9eaa34267e4ae32f55cbbf1963f4c19319381ccfa30fdd2ca9e
CDK2,29,runs/fmo87/boltz_inputs/CDK2_29.yaml,79148bb04a812de376f1e2e2919519ee871768887ba51b9bfb9da71d8b844d58,runs/fmo87/boltz_msa/CDK2_1.csv,SUCCEEDED_CACHED,0,0.0,runs/fmo87/boltz_predictions_final/CDK2/boltz_results_CDK2_29/predictions/CDK2_29/affinity_CDK2_29.json,-1.785462737083435,0.8914594054222107,-9.88,090e82ac8c92f5e943fa1b39e7410a44027bea7243c0bbb3caa67a77fc1428e1,dcc5cd3722b1c9eaa34267e4ae32f55cbbf1963f4c19319381ccfa30fdd2ca9e
CDK2,28,runs/fmo87/boltz_inputs/CDK2_28.yaml,4db9df629222c267a02afd9465c31821112f90f57bee5cb3005eb22495a7fa23,runs/fmo87/boltz_msa/CDK2_1.csv,SUCCEEDED_CACHED,0,0.0,runs/fmo87/boltz_predictions_final/CDK2/boltz_results_CDK2_28/predictions/CDK2_28/affinity_CDK2_28.json,-1.5132756233215332,0.9010815024375916,-11.11,090e82ac8c92f5e943fa1b39e7410a44027bea7243c0bbb3caa67a77fc1428e1,dcc5cd3722b1c9eaa34267e4ae32f55cbbf1963f4c19319381ccfa30fdd2ca9e
CDK2,32,runs/fmo87/boltz_inputs/CDK2_32.yaml,814814807718ce2080b1fe4903704e0804f0e7c296f52285e2a5084563c2fe69,runs/fmo87/boltz_msa/CDK2_1.csv,SUCCEEDED_CACHED,0,0.0,runs/fmo87/boltz_predictions_final/CDK2/boltz_results_CDK2_32/predictions/CDK2_32/affinity_CDK2_32.json,-1.7749096155166626,0.8110158443450928,-9.75,090e82ac8c92f5e943fa1b39e7410a44027bea7243c0bbb3caa67a77fc1428e1,dcc5cd3722b1c9eaa34267e4ae32f55cbbf1963f4c19319381ccfa30fdd2ca9e
CDK2,26,runs/fmo87/boltz_inputs/CDK2_26.yaml,c0e463485d07f335862a2bbd3d67a19d8af5562a0a71c623ff5eb9549e4afe55,runs/fmo87/boltz_msa/CDK2_1.csv,SUCCEEDED_CACHED,0,0.0,runs/fmo87/boltz_predictions_final/CDK2/boltz_results_CDK2_26/predictions/CDK2_26/affinity_CDK2_26.json,-0.3374457061290741,0.7552354335784912,-8.43,090e82ac8c92f5e943fa1b39e7410a44027bea7243c0bbb3caa67a77fc1428e1,dcc5cd3722b1c9eaa34267e4ae32f55cbbf1963f4c19319381ccfa30fdd2ca9e
CDK2,21,runs/fmo87/boltz_inputs/CDK2_21.yaml,5b2c119cca0a69f2210c8cd6d49b4b2b5683b393632717567281b9e8131e905d,runs/fmo87/boltz_msa/CDK2_1.csv,SUCCEEDED_CACHED,0,0.0,runs/fmo87/boltz_predictions_final/CDK2/boltz_results_CDK2_21/predictions/CDK2_21/affinity_CDK2_21.json,0.0268126130104064,0.6716500520706177,-7.83,090e82ac8c92f5e943fa1b39e7410a44027bea7243c0bbb3caa67a77fc1428e1,dcc5cd3722b1c9eaa34267e4ae32f55cbbf1963f4c19319381ccfa30fdd2ca9e
CDK2,30,runs/fmo87/boltz_inputs/CDK2_30.yaml,78ca01db54d897adba326bb817734ed3f1a0db7fe9264545ad7ac0e04c7b0d4c,runs/fmo87/boltz_msa/CDK2_1.csv,SUCCEEDED_CACHED,0,0.0,runs/fmo87/boltz_predictions_final/CDK2/boltz_results_CDK2_30/predictions/CDK2_30/affinity_CDK2_30.json,-1.3081132173538208,0.8027687668800354,-9.81,090e82ac8c92f5e943fa1b39e7410a44027bea7243c0bbb3caa67a77fc1428e1,dcc5cd3722b1c9eaa34267e4ae32f55cbbf1963f4c19319381ccfa30fdd2ca9e
CDK2,22,runs/fmo87/boltz_inputs/CDK2_22.yaml,4e7742b4c621f189aab2481e605fb88294d3cfcac46b9c28b1e7fe6c26888619,runs/fmo87/boltz_msa/CDK2_1.csv,SUCCEEDED_CACHED,0,0.0,runs/fmo87/boltz_predictions_final/CDK2/boltz_results_CDK2_22/predictions/CDK2_22/affinity_CDK2_22.json,0.4218782782554626,0.60112464427948,-7.86,090e82ac8c92f5e943fa1b39e7410a44027bea7243c0bbb3caa67a77fc1428e1,dcc5cd3722b1c9eaa34267e4ae32f55cbbf1963f4c19319381ccfa30fdd2ca9e
CDK2,31,runs/fmo87/boltz_inputs/CDK2_31.yaml,cd3f821bfa1fa15853de5ec91f185c4991f3b08d38c8c16cd093b664202575c5,runs/fmo87/boltz_msa/CDK2_1.csv,SUCCEEDED_CACHED,0,0.0,runs/fmo87/boltz_predictions_final/CDK2/boltz_results_CDK2_31/predictions/CDK2_31/affinity_CDK2_31.json,-0.5687136650085449,0.7909882068634033,-9.54,090e82ac8c92f5e943fa1b39e7410a44027bea7243c0bbb3caa67a77fc1428e1,dcc5cd3722b1c9eaa34267e4ae32f55cbbf1963f4c19319381ccfa30fdd2ca9e
CDK2,1h1r,runs/fmo87/boltz_inputs/CDK2_1h1r.yaml,7bf3ffee83e8fa1aa3196a96e01a2215a72286de6f82345254b4936ccb01cd9a,runs/fmo87/boltz_msa/CDK2_1.csv,SUCCEEDED_CACHED,0,0.0,runs/fmo87/boltz_predictions_final/CDK2/boltz_results_CDK2_1h1r/predictions/CDK2_1h1r/affinity_CDK2_1h1r.json,-0.1723936051130294,0.6369593143463135,-7.67,090e82ac8c92f5e943fa1b39e7410a44027bea7243c0bbb3caa67a77fc1428e1,dcc5cd3722b1c9eaa34267e4ae32f55cbbf1963f4c19319381ccfa30fdd2ca9e
CDK2,1oiy,runs/fmo87/boltz_inputs/CDK2_1oiy.yaml,0bf6b65ca605b4ea94c9ed61ad097dbfe7de4ce3d01d71b8c31c318db32055dc,runs/fmo87/boltz_msa/CDK2_1.csv,SUCCEEDED_CACHED,0,0.0,runs/fmo87/boltz_predictions_final/CDK2/boltz_results_CDK2_1oiy/predictions/CDK2_1oiy/affinity_CDK2_1oiy.json,-0.6950371861457825,0.7871048450469971,-9.79,090e82ac8c92f5e943fa1b39e7410a44027bea7243c0bbb3caa67a77fc1428e1,dcc5cd3722b1c9eaa34267e4ae32f55cbbf1963f4c19319381ccfa30fdd2ca9e
CDK2,1h1s,runs/fmo87/boltz_inputs/CDK2_1h1s.yaml,d8f456dc2200cb435246f3cf0182402b2ead1ce3d3e9e5a1b6827ef19a4bce4d,runs/fmo87/boltz_msa/CDK2_1.csv,SUCCEEDED_CACHED,0,0.0,runs/fmo87/boltz_predictions_final/CDK2/boltz_results_CDK2_1h1s/predictions/CDK2_1h1s/affinity_CDK2_1h1s.json,-1.0384658575057983,0.8008338212966919,-11.25,090e82ac8c92f5e943fa1b39e7410a44027bea7243c0bbb3caa67a77fc1428e1,dcc5cd3722b1c9eaa34267e4ae32f55cbbf1963f4c19319381ccfa30fdd2ca9e
CDK2,1oiu,runs/fmo87/boltz_inputs/CDK2_1oiu.yaml,5914090fe43ac0c96fd600a040aba54c2980280e7fc8f3b4ffec00cb564388b9,runs/fmo87/boltz_msa/CDK2_1.csv,SUCCEEDED_CACHED,0,0.0,runs/fmo87/boltz_predictions_final/CDK2/boltz_results_CDK2_1oiu/predictions/CDK2_1oiu/affinity_CDK2_1oiu.json,-0.1465541273355484,0.6001482009887695,-9.08,090e82ac8c92f5e943fa1b39e7410a44027bea7243c0bbb3caa67a77fc1428e1,dcc5cd3722b1c9eaa34267e4ae32f55cbbf1963f4c19319381ccfa30fdd2ca9e
CDK2,20,runs/fmo87/boltz_inputs/CDK2_20.yaml,ed33efddb4e10b6c83970ba0714b72ca7b0d152bbbb927f5f2d767326714ea7f,runs/fmo87/boltz_msa/CDK2_1.csv,SUCCEEDED_CACHED,0,0.0,runs/fmo87/boltz_predictions_final/CDK2/boltz_results_CDK2_20/predictions/CDK2_20/affinity_CDK2_20.json,-0.0085513293743133,0.7047179341316223,-8.72,090e82ac8c92f5e943fa1b39e7410a44027bea7243c0bbb3caa67a77fc1428e1,dcc5cd3722b1c9eaa34267e4ae32f55cbbf1963f4c19319381ccfa30fdd2ca9e
CDK2,1oi9,runs/fmo87/boltz_inputs/CDK2_1oi9.yaml,93a5390c68c8c531b6d63d6b549cfbd2128c0e1a1e58993cc3b5065152d4cf66,runs/fmo87/boltz_msa/CDK2_1.csv,SUCCEEDED_CACHED,0,0.0,runs/fmo87/boltz_predictions_final/CDK2/boltz_results_CDK2_1oi9/predictions/CDK2_1oi9/affinity_CDK2_1oi9.json,-1.2300273180007937,0.8073808550834656,-9.74,090e82ac8c92f5e943fa1b39e7410a44027bea7243c0bbb3caa67a77fc1428e1,dcc5cd3722b1c9eaa34267e4ae32f55cbbf1963f4c19319381ccfa30fdd2ca9e
CDK2,1h1q,runs/fmo87/boltz_inputs/CDK2_1h1q.yaml,756d1a0ac11cf21d405e83c172fd71bfc856c4472e61660ae46831d99f46d6ea,runs/fmo87/boltz_msa/CDK2_1.csv,SUCCEEDED_CACHED,0,0.0,runs/fmo87/boltz_predictions_final/CDK2/boltz_results_CDK2_1h1q/predictions/CDK2_1h1q/affinity_CDK2_1h1q.json,-0.6066758632659912,0.7461055517196655,-8.18,090e82ac8c92f5e943fa1b39e7410a44027bea7243c0bbb3caa67a77fc1428e1,dcc5cd3722b1c9eaa34267e4ae32f55cbbf1963f4c19319381ccfa30fdd2ca9e
JNK1,18636-1,runs/fmo87/boltz_inputs/JNK1_18636-1.yaml,24f0c19189b14273df0aed50358139017ba795a09fc8a7e269b53665b7cc8531,runs/fmo87/boltz_msa/JNK1_1.csv,SUCCEEDED_CACHED,0,0.0,runs/fmo87/boltz_predictions_final/JNK1/boltz_results_JNK1_18636-1/predictions/JNK1_18636-1/affinity_JNK1_18636-1.json,0.0956376641988754,0.5272932052612305,-7.51,090e82ac8c92f5e943fa1b39e7410a44027bea7243c0bbb3caa67a77fc1428e1,dcc5cd3722b1c9eaa34267e4ae32f55cbbf1963f4c19319381ccfa30fdd2ca9e
JNK1,18635-1,runs/fmo87/boltz_inputs/JNK1_18635-1.yaml,5e27f5fe9d607ce9777fe3e4548a7f12f70338f2a32f7587778eaccd3c93e741,runs/fmo87/boltz_msa/JNK1_1.csv,SUCCEEDED_CACHED,0,0.0,runs/fmo87/boltz_predictions_final/JNK1/boltz_results_JNK1_18635-1/predictions/JNK1_18635-1/affinity_JNK1_18635-1.json,-0.0885878801345825,0.5783549547195435,-7.29,090e82ac8c92f5e943fa1b39e7410a44027bea7243c0bbb3caa67a77fc1428e1,dcc5cd3722b1c9eaa34267e4ae32f55cbbf1963f4c19319381ccfa30fdd2ca9e
JNK1,17124-1,runs/fmo87/boltz_inputs/JNK1_17124-1.yaml,b43bb4cb095202969fcef0b9c1f5c06611db1168943055b30874a62c4e970b63,runs/fmo87/boltz_msa/JNK1_1.csv,SUCCEEDED_CACHED,0,0.0,runs/fmo87/boltz_predictions_final/JNK1/boltz_results_JNK1_17124-1/predictions/JNK1_17124-1/affinity_JNK1_17124-1.json,-1.0465861558914185,0.718222975730896,-9.68,090e82ac8c92f5e943fa1b39e7410a44027bea7243c0bbb3caa67a77fc1428e1,dcc5cd3722b1c9eaa34267e4ae32f55cbbf1963f4c19319381ccfa30fdd2ca9e
JNK1,18637-1,runs/fmo87/boltz_inputs/JNK1_18637-1.yaml,ad559b863556d0943bcefb2bd3307122e2f240df0fd37219ac9baf6e9ebe4962,runs/fmo87/boltz_msa/JNK1_1.csv,SUCCEEDED_CACHED,0,0.0,runs/fmo87/boltz_predictions_final/JNK1/boltz_results_JNK1_18637-1/predictions/JNK1_18637-1/affinity_JNK1_18637-1.json,-1.211754322052002,0.6850284337997437,-10.14,090e82ac8c92f5e943fa1b39e7410a44027bea7243c0bbb3caa67a77fc1428e1,dcc5cd3722b1c9eaa34267e4ae32f55cbbf1963f4c19319381ccfa30fdd2ca9e
JNK1,18638-1,runs/fmo87/boltz_inputs/JNK1_18638-1.yaml,8b9d9aa158e476fec37cc38c3f7523ce1c189541993c72ccf94032fb50d96ecc,runs/fmo87/boltz_msa/JNK1_1.csv,SUCCEEDED_CACHED,0,0.0,runs/fmo87/boltz_predictions_final/JNK1/boltz_results_JNK1_18638-1/predictions/JNK1_18638-1/affinity_JNK1_18638-1.json,-0.9141784906387328,0.6369024515151978,-10.09,090e82ac8c92f5e943fa1b39e7410a44027bea7243c0bbb3caa67a77fc1428e1,dcc5cd3722b1c9eaa34267e4ae32f55cbbf1963f4c19319381ccfa30fdd2ca9e
JNK1,18639-1,runs/fmo87/boltz_inputs/JNK1_18639-1.yaml,7364a6b6a242889347028d2678d85c4bf8322a5926a81ae3dea9db172b7a3ad1,runs/fmo87/boltz_msa/JNK1_1.csv,SUCCEEDED_CACHED,0,0.0,runs/fmo87/boltz_predictions_final/JNK1/boltz_results_JNK1_18639-1/predictions/JNK1_18639-1/affinity_JNK1_18639-1.json,-1.2283062934875488,0.7645237445831299,-9.74,090e82ac8c92f5e943fa1b39e7410a44027bea7243c0bbb3caa67a77fc1428e1,dcc5cd3722b1c9eaa34267e4ae32f55cbbf1963f4c19319381ccfa30fdd2ca9e
JNK1,18634-1,runs/fmo87/boltz_inputs/JNK1_18634-1.yaml,b4fdebb911175ae89e9daff97907d794645ab3ffac05af930c94b269b4d6c021,runs/fmo87/boltz_msa/JNK1_1.csv,SUCCEEDED_CACHED,0,0.0,runs/fmo87/boltz_predictions_final/JNK1/boltz_results_JNK1_18634-1/predictions/JNK1_18634-1/affinity_JNK1_18634-1.json,-0.4984765350818634,0.6641024947166443,-9.99,090e82ac8c92f5e943fa1b39e7410a44027bea7243c0bbb3caa67a77fc1428e1,dcc5cd3722b1c9eaa34267e4ae32f55cbbf1963f4c19319381ccfa30fdd2ca9e
JNK1,18630-1,runs/fmo87/boltz_inputs/JNK1_18630-1.yaml,d6c58dd81effbc6b192b81617553f54019e0cf1da88fd2885f6dce0b2264ab5e,runs/fmo87/boltz_msa/JNK1_1.csv,SUCCEEDED_CACHED,0,0.0,runs/fmo87/boltz_predictions_final/JNK1/boltz_results_JNK1_18630-1/predictions/JNK1_18630-1/affinity_JNK1_18630-1.json,-0.5023393630981445,0.5751869678497314,-9.14,090e82ac8c92f5e943fa1b39e7410a44027bea7243c0bbb3caa67a77fc1428e1,dcc5cd3722b1c9eaa34267e4ae32f55cbbf1963f4c19319381ccfa30fdd2ca9e
JNK1,18627-1,runs/fmo87/boltz_inputs/JNK1_18627-1.yaml,9068ea0e1eb0001bb3a85bcb3d5a668d44dfd081d100690909579e790b73055d,runs/fmo87/boltz_msa/JNK1_1.csv,SUCCEEDED_CACHED,0,0.0,runs/fmo87/boltz_predictions_final/JNK1/boltz_results_JNK1_18627-1/predictions/JNK1_18627-1/affinity_JNK1_18627-1.json,-0.2498833835124969,0.5569459199905396,-8.48,090e82ac8c92f5e943fa1b39e7410a44027bea7243c0bbb3caa67a77fc1428e1,dcc5cd3722b1c9eaa34267e4ae32f55cbbf1963f4c19319381ccfa30fdd2ca9e
JNK1,18633-1,runs/fmo87/boltz_inputs/JNK1_18633-1.yaml,aeb8f629e35005f22cbcc631760ea2ffa340da48d27d5960e091e0548d64187e,runs/fmo87/boltz_msa/JNK1_1.csv,SUCCEEDED_CACHED,0,0.0,runs/fmo87/boltz_predictions_final/JNK1/boltz_results_JNK1_18633-1/predictions/JNK1_18633-1/affinity_JNK1_18633-1.json,-1.0030347108840942,0.6721680164337158,-9.17,090e82ac8c92f5e943fa1b39e7410a44027bea7243c0bbb3caa67a77fc1428e1,dcc5cd3722b1c9eaa34267e4ae32f55cbbf1963f4c19319381ccfa30fdd2ca9e
JNK1,18629-1,runs/fmo87/boltz_inputs/JNK1_18629-1.yaml,a379e2e3fa3397b35a26dd90fb0bd0271b1a204f1274c54b03d4e9b434040333,runs/fmo87/boltz_msa/JNK1_1.csv,SUCCEEDED_CACHED,0,0.0,runs/fmo87/boltz_predictions_final/JNK1/boltz_results_JNK1_18629-1/predictions/JNK1_18629-1/affinity_JNK1_18629-1.json,-0.5132182836532593,0.6083377599716187,-8.67,090e82ac8c92f5e943fa1b39e7410a44027bea7243c0bbb3caa67a77fc1428e1,dcc5cd3722b1c9eaa34267e4ae32f55cbbf1963f4c19319381ccfa30fdd2ca9e
JNK1,18626-1,runs/fmo87/boltz_inputs/JNK1_18626-1.yaml,298470b9dabc16f8b48527d906d80f100db91ceda8966bff76990a8ff82b4402,runs/fmo87/boltz_msa/JNK1_1.csv,SUCCEEDED_CACHED,0,0.0,runs/fmo87/boltz_predictions_final/JNK1/boltz_results_JNK1_18626-1/predictions/JNK1_18626-1/affinity_JNK1_18626-1.json,-0.2002708613872528,0.545792818069458,-8.87,090e82ac8c92f5e943fa1b39e7410a44027bea7243c0bbb3caa67a77fc1428e1,dcc5cd3722b1c9eaa34267e4ae32f55cbbf1963f4c19319381ccfa30fdd2ca9e
JNK1,18632-1,runs/fmo87/boltz_inputs/JNK1_18632-1.yaml,e48ce5243010d1200e54cffb414ed112c21569dc8083cf465768302c12bc9555,runs/fmo87/boltz_msa/JNK1_1.csv,SUCCEEDED_CACHED,0,0.0,runs/fmo87/boltz_predictions_final/JNK1/boltz_results_JNK1_18632-1/predictions/JNK1_18632-1/affinity_JNK1_18632-1.json,-0.4871934354305267,0.6303560137748718,-9.08,090e82ac8c92f5e943fa1b39e7410a44027bea7243c0bbb3caa67a77fc1428e1,dcc5cd3722b1c9eaa34267e4ae32f55cbbf1963f4c19319381ccfa30fdd2ca9e
JNK1,18624-1,runs/fmo87/boltz_inputs/JNK1_18624-1.yaml,099a984b9fd56af1ff82620cfe7f34b5f0cf2b8167a6dc922a77f92f778a7725,runs/fmo87/boltz_msa/JNK1_1.csv,SUCCEEDED_CACHED,0,0.0,runs/fmo87/boltz_predictions_final/JNK1/boltz_results_JNK1_18624-1/predictions/JNK1_18624-1/affinity_JNK1_18624-1.json,0.1744168400764465,0.5377978086471558,-8.49,090e82ac8c92f5e943fa1b39e7410a44027bea7243c0bbb3caa67a77fc1428e1,dcc5cd3722b1c9eaa34267e4ae32f55cbbf1963f4c19319381ccfa30fdd2ca9e
JNK1,18628-1,runs/fmo87/boltz_inputs/JNK1_18628-1.yaml,25a6e2f2d2ceb3780ea25235b3225155638ef33fbff6c7b1ba59d10b9e9a4ca0,runs/fmo87/boltz_msa/JNK1_1.csv,SUCCEEDED_CACHED,0,0.0,runs/fmo87/boltz_predictions_final/JNK1/boltz_results_JNK1_18628-1/predictions/JNK1_18628-1/affinity_JNK1_18628-1.json,0.0349051877856254,0.5261626243591309,-8.7,090e82ac8c92f5e943fa1b39e7410a44027bea7243c0bbb3caa67a77fc1428e1,dcc5cd3722b1c9eaa34267e4ae32f55cbbf1963f4c19319381ccfa30fdd2ca9e
JNK1,18625-1,runs/fmo87/boltz_inputs/JNK1_18625-1.yaml,cf590879c657f8849f3603d80abdd6ff16cfd89894ef787db953e2e9906b21cb,runs/fmo87/boltz_msa/JNK1_1.csv,SUCCEEDED_CACHED,0,0.0,runs/fmo87/boltz_predictions_final/JNK1/boltz_results_JNK1_18625-1/predictions/JNK1_18625-1/affinity_JNK1_18625-1.json,0.1225640997290611,0.5638377070426941,-8.11,090e82ac8c92f5e943fa1b39e7410a44027bea7243c0bbb3caa67a77fc1428e1,dcc5cd3722b1c9eaa34267e4ae32f55cbbf1963f4c19319381ccfa30fdd2ca9e
JNK1,18631-1,runs/fmo87/boltz_inputs/JNK1_18631-1.yaml,6d9d2c4aff608b219f327bef9abc909bd14faf22ce4a3ab00495f846a3c178ff,runs/fmo87/boltz_msa/JNK1_1.csv,SUCCEEDED_CACHED,0,0.0,runs/fmo87/boltz_predictions_final/JNK1/boltz_results_JNK1_18631-1/predictions/JNK1_18631-1/affinity_JNK1_18631-1.json,-0.388601005077362,0.5821900367736816,-9.41,090e82ac8c92f5e943fa1b39e7410a44027bea7243c0bbb3caa67a77fc1428e1,dcc5cd3722b1c9eaa34267e4ae32f55cbbf1963f4c19319381ccfa30fdd2ca9e
JNK1,18659-1,runs/fmo87/boltz_inputs/JNK1_18659-1.yaml,68cb5a6df77d0bc55e66c2af8f7a8d670967688d6dc46d684ffdf94cab71945a,runs/fmo87/boltz_msa/JNK1_1.csv,SUCCEEDED_CACHED,0,0.0,runs/fmo87/boltz_predictions_final/JNK1/boltz_results_JNK1_18659-1/predictions/JNK1_18659-1/affinity_JNK1_18659-1.json,-0.3591102957725525,0.6728965640068054,-9.47,090e82ac8c92f5e943fa1b39e7410a44027bea7243c0bbb3caa67a77fc1428e1,dcc5cd3722b1c9eaa34267e4ae32f55cbbf1963f4c19319381ccfa30fdd2ca9e
JNK1,18652-1,runs/fmo87/boltz_inputs/JNK1_18652-1.yaml,b1f139f977e2c79b942fe4449f6b312b11c15804ab6e70413d361d69accde118,runs/fmo87/boltz_msa/JNK1_1.csv,SUCCEEDED_CACHED,0,0.0,runs/fmo87/boltz_predictions_final/JNK1/boltz_results_JNK1_18652-1/predictions/JNK1_18652-1/affinity_JNK1_18652-1.json,-1.1516622304916382,0.7100821137428284,-10.68,090e82ac8c92f5e943fa1b39e7410a44027bea7243c0bbb3caa67a77fc1428e1,dcc5cd3722b1c9eaa34267e4ae32f55cbbf1963f4c19319381ccfa30fdd2ca9e
JNK1,18658-1,runs/fmo87/boltz_inputs/JNK1_18658-1.yaml,5bb4b31218ad7704fad4cab6272f669a62581e2b43f4727f2946255a13ba6ae3,runs/fmo87/boltz_msa/JNK1_1.csv,SUCCEEDED_CACHED,0,0.0,runs/fmo87/boltz_predictions_final/JNK1/boltz_results_JNK1_18658-1/predictions/JNK1_18658-1/affinity_JNK1_18658-1.json,-0.5707497596740723,0.5839956402778625,-9.7,090e82ac8c92f5e943fa1b39e7410a44027bea7243c0bbb3caa67a77fc1428e1,dcc5cd3722b1c9eaa34267e4ae32f55cbbf1963f4c19319381ccfa30fdd2ca9e
JNK1,18660-1,runs/fmo87/boltz_inputs/JNK1_18660-1.yaml,4d1c67a55adb689ac835acff1a1db394451d4380bffa43da9693b004f684076e,runs/fmo87/boltz_msa/JNK1_1.csv,SUCCEEDED_CACHED,0,0.0,runs/fmo87/boltz_predictions_final/JNK1/boltz_results_JNK1_18660-1/predictions/JNK1_18660-1/affinity_JNK1_18660-1.json,-0.1005445346236229,0.5399867296218872,-8.7,090e82ac8c92f5e943fa1b39e7410a44027bea7243c0bbb3caa67a77fc1428e1,dcc5cd3722b1c9eaa34267e4ae32f55cbbf1963f4c19319381ccfa30fdd2ca9e
P38,2ee,runs/fmo87/boltz_inputs/P38_2ee.yaml,5fef602f8a70e536f33493fdd74b579fb65316c4685e7f91af5fce5c773306a8,runs/fmo87/boltz_msa/P38_1.csv,SUCCEEDED_CACHED,0,0.0,runs/fmo87/boltz_predictions_final/P38/boltz_results_P38_2ee/predictions/P38_2ee/affinity_P38_2ee.json,-1.6636722087860107,0.8601750135421753,-12.26,090e82ac8c92f5e943fa1b39e7410a44027bea7243c0bbb3caa67a77fc1428e1,dcc5cd3722b1c9eaa34267e4ae32f55cbbf1963f4c19319381ccfa30fdd2ca9e
P38,2r,runs/fmo87/boltz_inputs/P38_2r.yaml,75c9631707186f8d4e763c5490819f89a1ff93a359705e4845dd72d969d55bc5,runs/fmo87/boltz_msa/P38_1.csv,SUCCEEDED_CACHED,0,0.0,runs/fmo87/boltz_predictions_final/P38/boltz_results_P38_2r/predictions/P38_2r/affinity_P38_2r.json,-1.1811047792434692,0.7926610708236694,-10.79,090e82ac8c92f5e943fa1b39e7410a44027bea7243c0bbb3caa67a77fc1428e1,dcc5cd3722b1c9eaa34267e4ae32f55cbbf1963f4c19319381ccfa30fdd2ca9e
P38,3fly,runs/fmo87/boltz_inputs/P38_3fly.yaml,daef24fd3acf8facd9e95ab045313d68396760561ce1b9dfd7dc595386af3ca8,runs/fmo87/boltz_msa/P38_1.csv,SUCCEEDED_CACHED,0,0.0,runs/fmo87/boltz_predictions_final/P38/boltz_results_P38_3fly/predictions/P38_3fly/affinity_P38_3fly.json,-1.3631579875946045,0.9292051792144777,-11.42,090e82ac8c92f5e943fa1b39e7410a44027bea7243c0bbb3caa67a77fc1428e1,dcc5cd3722b1c9eaa34267e4ae32f55cbbf1963f4c19319381ccfa30fdd2ca9e
P38,2l,runs/fmo87/boltz_inputs/P38_2l.yaml,ba40c91b993ae282b3982aabc2bf97e0761968d92e4ad155164b59cdabde4917,runs/fmo87/boltz_msa/P38_1.csv,SUCCEEDED_CACHED,0,0.0,runs/fmo87/boltz_predictions_final/P38/boltz_results_P38_2l/predictions/P38_2l/affinity_P38_2l.json,-1.666711688041687,0.8819892406463623,-12.26,090e82ac8c92f5e943fa1b39e7410a44027bea7243c0bbb3caa67a77fc1428e1,dcc5cd3722b1c9eaa34267e4ae32f55cbbf1963f4c19319381ccfa30fdd2ca9e
P38,2v,runs/fmo87/boltz_inputs/P38_2v.yaml,beeb095a77527856080f51171ef2a0c342166b296652c0e05e9784c8b07eb820,runs/fmo87/boltz_msa/P38_1.csv,SUCCEEDED_CACHED,0,0.0,runs/fmo87/boltz_predictions_final/P38/boltz_results_P38_2v/predictions/P38_2v/affinity_P38_2v.json,-1.1152925491333008,0.814179003238678,-8.97,090e82ac8c92f5e943fa1b39e7410a44027bea7243c0bbb3caa67a77fc1428e1,dcc5cd3722b1c9eaa34267e4ae32f55cbbf1963f4c19319381ccfa30fdd2ca9e
P38,2p,runs/fmo87/boltz_inputs/P38_2p.yaml,3ad8937a461dccdf77122cf7dd5b5022c7c298550747e401912b809af285e38b,runs/fmo87/boltz_msa/P38_1.csv,SUCCEEDED_CACHED,0,0.0,runs/fmo87/boltz_predictions_final/P38/boltz_results_P38_2p/predictions/P38_2p/affinity_P38_2p.json,-1.5115561485290527,0.8573535680770874,-11.2,090e82ac8c92f5e943fa1b39e7410a44027bea7243c0bbb3caa67a77fc1428e1,dcc5cd3722b1c9eaa34267e4ae32f55cbbf1963f4c19319381ccfa30fdd2ca9e
P38,2o,runs/fmo87/boltz_inputs/P38_2o.yaml,0578173038423fb9846735bc59c78a2ad8bd7732d4aa69fef02617308b539c1d,runs/fmo87/boltz_msa/P38_1.csv,SUCCEEDED_CACHED,0,0.0,runs/fmo87/boltz_predictions_final/P38/boltz_results_P38_2o/predictions/P38_2o/affinity_P38_2o.json,-1.4142491817474363,0.8314447402954102,-10.49,090e82ac8c92f5e943fa1b39e7410a44027bea7243c0bbb3caa67a77fc1428e1,dcc5cd3722b1c9eaa34267e4ae32f55cbbf1963f4c19319381ccfa30fdd2ca9e
P38,2u,runs/fmo87/boltz_inputs/P38_2u.yaml,8789a73b77fb6d05484e028bb7389ae18c28e733df2dfcbe56610152f825d9bb,runs/fmo87/boltz_msa/P38_1.csv,SUCCEEDED_CACHED,0,0.0,runs/fmo87/boltz_predictions_final/P38/boltz_results_P38_2u/predictions/P38_2u/affinity_P38_2u.json,-1.9516764879226685,0.8518364429473877,-12.26,090e82ac8c92f5e943fa1b39e7410a44027bea7243c0bbb3caa67a77fc1428e1,dcc5cd3722b1c9eaa34267e4ae32f55cbbf1963f4c19319381ccfa30fdd2ca9e
P38,3flq,runs/fmo87/boltz_inputs/P38_3flq.yaml,ba44bfcbd48399ae119acbc14a376bd1741bfc945a0449a22a6ea15fb941d309,runs/fmo87/boltz_msa/P38_1.csv,SUCCEEDED_CACHED,0,0.0,runs/fmo87/boltz_predictions_final/P38/boltz_results_P38_3flq/predictions/P38_3flq/affinity_P38_3flq.json,-0.5882699489593506,0.7857784032821655,-9.93,090e82ac8c92f5e943fa1b39e7410a44027bea7243c0bbb3caa67a77fc1428e1,dcc5cd3722b1c9eaa34267e4ae32f55cbbf1963f4c19319381ccfa30fdd2ca9e
P38,3fmk,runs/fmo87/boltz_inputs/P38_3fmk.yaml,d8b8bfe5f82b33e0097fb3e39ffe24fd8f32792d608c915c6c4d3cd6017702a7,runs/fmo87/boltz_msa/P38_1.csv,SUCCEEDED_CACHED,0,0.0,runs/fmo87/boltz_predictions_final/P38/boltz_results_P38_3fmk/predictions/P38_3fmk/affinity_P38_3fmk.json,-0.6597874164581299,0.7620812654495239,-11.83,090e82ac8c92f5e943fa1b39e7410a44027bea7243c0bbb3caa67a77fc1428e1,dcc5cd3722b1c9eaa34267e4ae32f55cbbf1963f4c19319381ccfa30fdd2ca9e
P38,3fmh,runs/fmo87/boltz_inputs/P38_3fmh.yaml,645831c41fc70fe5e8e8722598f4cc6a90b3ca72eed265637ba417a59b499cab,runs/fmo87/boltz_msa/P38_1.csv,SUCCEEDED_CACHED,0,0.0,runs/fmo87/boltz_predictions_final/P38/boltz_results_P38_3fmh/predictions/P38_3fmh/affinity_P38_3fmh.json,-0.6909197568893433,0.7747116088867188,-10.83,090e82ac8c92f5e943fa1b39e7410a44027bea7243c0bbb3caa67a77fc1428e1,dcc5cd3722b1c9eaa34267e4ae32f55cbbf1963f4c19319381ccfa30fdd2ca9e
P38,2c,runs/fmo87/boltz_inputs/P38_2c.yaml,d3bfe64eb2fa7b6f5ef7cb9dd37d947da160b5ba59828a3cb446a89ce66a764e,runs/fmo87/boltz_msa/P38_1.csv,SUCCEEDED_CACHED,0,0.0,runs/fmo87/boltz_predictions_final/P38/boltz_results_P38_2c/predictions/P38_2c/affinity_P38_2c.json,-0.9488324522972108,0.8299210667610168,-10.46,090e82ac8c92f5e943fa1b39e7410a44027bea7243c0bbb3caa67a77fc1428e1,dcc5cd3722b1c9eaa34267e4ae32f55cbbf1963f4c19319381ccfa30fdd2ca9e
P38,2j,runs/fmo87/boltz_inputs/P38_2j.yaml,707f5c74f4c7368d0c5a6010a37d716b4e3fd9b9a6f781b01e9e0d1270106def,runs/fmo87/boltz_msa/P38_1.csv,SUCCEEDED_CACHED,0,0.0,runs/fmo87/boltz_predictions_final/P38/boltz_results_P38_2j/predictions/P38_2j/affinity_P38_2j.json,-1.282925009727478,0.8645628690719604,-10.08,090e82ac8c92f5e943fa1b39e7410a44027bea7243c0bbb3caa67a77fc1428e1,dcc5cd3722b1c9eaa34267e4ae32f55cbbf1963f4c19319381ccfa30fdd2ca9e
P38,2i,runs/fmo87/boltz_inputs/P38_2i.yaml,e997d50d800657945a4d3e3596178b082f5acd84bddc4a46b6ce0f06bb12a9e9,runs/fmo87/boltz_msa/P38_1.csv,SUCCEEDED_CACHED,0,0.0,runs/fmo87/boltz_predictions_final/P38/boltz_results_P38_2i/predictions/P38_2i/affinity_P38_2i.json,-1.4707592725753784,0.8840081691741943,-10.05,090e82ac8c92f5e943fa1b39e7410a44027bea7243c0bbb3caa67a77fc1428e1,dcc5cd3722b1c9eaa34267e4ae32f55cbbf1963f4c19319381ccfa30fdd2ca9e
P38,2e,runs/fmo87/boltz_inputs/P38_2e.yaml,965fdaf8d1e6a635053b4e6de9ddc5134748a2b13ab947c3f3f562f0f0f89f6e,runs/fmo87/boltz_msa/P38_1.csv,SUCCEEDED_CACHED,0,0.0,runs/fmo87/boltz_predictions_final/P38/boltz_results_P38_2e/predictions/P38_2e/affinity_P38_2e.json,-0.8599276542663574,0.8076301217079163,-10.7,090e82ac8c92f5e943fa1b39e7410a44027bea7243c0bbb3caa67a77fc1428e1,dcc5cd3722b1c9eaa34267e4ae32f55cbbf1963f4c19319381ccfa30fdd2ca9e
P38,2z,runs/fmo87/boltz_inputs/P38_2z.yaml,0cbd513b7152867668e0ce35e599fd39e80f57da71576395e70bf4e25b324b5f,runs/fmo87/boltz_msa/P38_1.csv,SUCCEEDED_CACHED,0,0.0,runs/fmo87/boltz_predictions_final/P38/boltz_results_P38_2z/predictions/P38_2z/affinity_P38_2z.json,-1.4382086992263794,0.8793929815292358,-10.36,090e82ac8c92f5e943fa1b39e7410a44027bea7243c0bbb3caa67a77fc1428e1,dcc5cd3722b1c9eaa34267e4ae32f55cbbf1963f4c19319381ccfa30fdd2ca9e
P38,3flw,runs/fmo87/boltz_inputs/P38_3flw.yaml,5982f989c2db4a9eb6b86d4098e774eec16a0701615c507d53087319f117db1e,runs/fmo87/boltz_msa/P38_1.csv,SUCCEEDED_CACHED,0,0.0,runs/fmo87/boltz_predictions_final/P38/boltz_results_P38_3flw/predictions/P38_3flw/affinity_P38_3flw.json,-0.8339852690696716,0.8382251262664795,-10.68,090e82ac8c92f5e943fa1b39e7410a44027bea7243c0bbb3caa67a77fc1428e1,dcc5cd3722b1c9eaa34267e4ae32f55cbbf1963f4c19319381ccfa30fdd2ca9e
P38,2aa,runs/fmo87/boltz_inputs/P38_2aa.yaml,55a4f2c77d91410f027769547f088fd3b02660f603834f5d13a9dfd319857d94,runs/fmo87/boltz_msa/P38_1.csv,SUCCEEDED_CACHED,0,0.0,runs/fmo87/boltz_predictions_final/P38/boltz_results_P38_2aa/predictions/P38_2aa/affinity_P38_2aa.json,-1.4410580396652222,0.9025240540504456,-9.27,090e82ac8c92f5e943fa1b39e7410a44027bea7243c0bbb3caa67a77fc1428e1,dcc5cd3722b1c9eaa34267e4ae32f55cbbf1963f4c19319381ccfa30fdd2ca9e
P38,3fln,runs/fmo87/boltz_inputs/P38_3fln.yaml,d3900c134026678a401dd9f89d9237b7558310f4ee8e953954ce1f079ba9aa1d,runs/fmo87/boltz_msa/P38_1.csv,SUCCEEDED_CACHED,0,0.0,runs/fmo87/boltz_predictions_final/P38/boltz_results_P38_3fln/predictions/P38_3fln/affinity_P38_3fln.json,-1.5523560047149658,0.8695374131202698,-10.88,090e82ac8c92f5e943fa1b39e7410a44027bea7243c0bbb3caa67a77fc1428e1,dcc5cd3722b1c9eaa34267e4ae32f55cbbf1963f4c19319381ccfa30fdd2ca9e
P38,2gg,runs/fmo87/boltz_inputs/P38_2gg.yaml,6a02f3f48128b3e72b976b17e04ab604e667ec3cfccd22addf6da1d764d6f48b,runs/fmo87/boltz_msa/P38_1.csv,SUCCEEDED_CACHED,0,0.0,runs/fmo87/boltz_predictions_final/P38/boltz_results_P38_2gg/predictions/P38_2gg/affinity_P38_2gg.json,-1.202173352241516,0.8198345899581909,-10.66,090e82ac8c92f5e943fa1b39e7410a44027bea7243c0bbb3caa67a77fc1428e1,dcc5cd3722b1c9eaa34267e4ae32f55cbbf1963f4c19319381ccfa30fdd2ca9e
P38,2y,runs/fmo87/boltz_inputs/P38_2y.yaml,b6e8279d8ad65c485a23d2e7d5d99303d6a719753d9f7316caec7d188bf6948d,runs/fmo87/boltz_msa/P38_1.csv,SUCCEEDED_CACHED,0,0.0,runs/fmo87/boltz_predictions_final/P38/boltz_results_P38_2y/predictions/P38_2y/affinity_P38_2y.json,-1.071194410324097,0.8558323383331299,-9.78,090e82ac8c92f5e943fa1b39e7410a44027bea7243c0bbb3caa67a77fc1428e1,dcc5cd3722b1c9eaa34267e4ae32f55cbbf1963f4c19319381ccfa30fdd2ca9e
P38,2bb,runs/fmo87/boltz_inputs/P38_2bb.yaml,31dadae4041d95e82b536690f88bce308d9d892db0103030c950c264de541274,runs/fmo87/boltz_msa/P38_1.csv,SUCCEEDED_CACHED,0,0.0,runs/fmo87/boltz_predictions_final/P38/boltz_results_P38_2bb/predictions/P38_2bb/affinity_P38_2bb.json,-0.731095552444458,0.7699974775314331,-9.06,090e82ac8c92f5e943fa1b39e7410a44027bea7243c0bbb3caa67a77fc1428e1,dcc5cd3722b1c9eaa34267e4ae32f55cbbf1963f4c19319381ccfa30fdd2ca9e
P38,2x,runs/fmo87/boltz_inputs/P38_2x.yaml,b6408fe753e41e302fca75ea1d32c510e6078a61842723f5f20ee98cdc0ac120,runs/fmo87/boltz_msa/P38_1.csv,SUCCEEDED_CACHED,0,0.0,runs/fmo87/boltz_predictions_final/P38/boltz_results_P38_2x/predictions/P38_2x/affinity_P38_2x.json,-1.3232133388519287,0.8690402507781982,-10.23,090e82ac8c92f5e943fa1b39e7410a44027bea7243c0bbb3caa67a77fc1428e1,dcc5cd3722b1c9eaa34267e4ae32f55cbbf1963f4c19319381ccfa30fdd2ca9e
P38,2ff,runs/fmo87/boltz_inputs/P38_2ff.yaml,f93d9bd3804635e5dbb788accfa038b14edc801009b0617fa9e6804e3d363487,runs/fmo87/boltz_msa/P38_1.csv,SUCCEEDED_CACHED,0,0.0,runs/fmo87/boltz_predictions_final/P38/boltz_results_P38_2ff/predictions/P38_2ff/affinity_P38_2ff.json,-1.6955249309539795,0.8674588799476624,-11.44,090e82ac8c92f5e943fa1b39e7410a44027bea7243c0bbb3caa67a77fc1428e1,dcc5cd3722b1c9eaa34267e4ae32f55cbbf1963f4c19319381ccfa30fdd2ca9e
P38,2f,runs/fmo87/boltz_inputs/P38_2f.yaml,3d6d6b77e695b7cdc50ae76c993380dd9702ba0f0d8afc9af6f68534176acb2c,runs/fmo87/boltz_msa/P38_1.csv,SUCCEEDED_CACHED,0,0.0,runs/fmo87/boltz_predictions_final/P38/boltz_results_P38_2f/predictions/P38_2f/affinity_P38_2f.json,-1.2549009323120115,0.8164631724357605,-8.48,090e82ac8c92f5e943fa1b39e7410a44027bea7243c0bbb3caa67a77fc1428e1,dcc5cd3722b1c9eaa34267e4ae32f55cbbf1963f4c19319381ccfa30fdd2ca9e
P38,3flz,runs/fmo87/boltz_inputs/P38_3flz.yaml,df739e8de12983bf0d23af4f560360246e1c9d8327d111c678f4dada25af05f4,runs/fmo87/boltz_msa/P38_1.csv,SUCCEEDED_CACHED,0,0.0,runs/fmo87/boltz_predictions_final/P38/boltz_results_P38_3flz/predictions/P38_3flz/affinity_P38_3flz.json,-1.1320443153381348,0.8429461121559143,-9.49,090e82ac8c92f5e943fa1b39e7410a44027bea7243c0bbb3caa67a77fc1428e1,dcc5cd3722b1c9eaa34267e4ae32f55cbbf1963f4c19319381ccfa30fdd2ca9e
P38,2g,runs/fmo87/boltz_inputs/P38_2g.yaml,542abfc8405bf987fe4a1178c32bb69b3c460e846d975aaa7a904e3c0c262a6e,runs/fmo87/boltz_msa/P38_1.csv,SUCCEEDED_CACHED,0,0.0,runs/fmo87/boltz_predictions_final/P38/boltz_results_P38_2g/predictions/P38_2g/affinity_P38_2g.json,-1.495571255683899,0.8518584966659546,-10.66,090e82ac8c92f5e943fa1b39e7410a44027bea7243c0bbb3caa67a77fc1428e1,dcc5cd3722b1c9eaa34267e4ae32f55cbbf1963f4c19319381ccfa30fdd2ca9e
P38,2h,runs/fmo87/boltz_inputs/P38_2h.yaml,123e0b8bb803013c07b80a4b9d9f8d3a9877fd00402cf489426aaca9e628f2e9,runs/fmo87/boltz_msa/P38_1.csv,SUCCEEDED_CACHED,0,0.0,runs/fmo87/boltz_predictions_final/P38/boltz_results_P38_2h/predictions/P38_2h/affinity_P38_2h.json,-1.3056291341781616,0.8411697149276733,-9.48,090e82ac8c92f5e943fa1b39e7410a44027bea7243c0bbb3caa67a77fc1428e1,dcc5cd3722b1c9eaa34267e4ae32f55cbbf1963f4c19319381ccfa30fdd2ca9e
P38,2t,runs/fmo87/boltz_inputs/P38_2t.yaml,b5f347ce034186a59b451657d5d05a5b9fc20fccc29738fda9151dfc5e63b898,runs/fmo87/boltz_msa/P38_1.csv,SUCCEEDED_CACHED,0,0.0,runs/fmo87/boltz_predictions_final/P38/boltz_results_P38_2t/predictions/P38_2t/affinity_P38_2t.json,-1.395063400268555,0.8343179821968079,-11.85,090e82ac8c92f5e943fa1b39e7410a44027bea7243c0bbb3caa67a77fc1428e1,dcc5cd3722b1c9eaa34267e4ae32f55cbbf1963f4c19319381ccfa30fdd2ca9e
P38,2k,runs/fmo87/boltz_inputs/P38_2k.yaml,e01b13359da2f7fbadc04f6c0f25aa2e5f8f8feebab2e665a9876e725923471c,runs/fmo87/boltz_msa/P38_1.csv,SUCCEEDED_CACHED,0,0.0,runs/fmo87/boltz_predictions_final/P38/boltz_results_P38_2k/predictions/P38_2k/affinity_P38_2k.json,-0.9563801288604736,0.8069575428962708,-10.55,090e82ac8c92f5e943fa1b39e7410a44027bea7243c0bbb3caa67a77fc1428e1,dcc5cd3722b1c9eaa34267e4ae32f55cbbf1963f4c19319381ccfa30fdd2ca9e
P38,2m,runs/fmo87/boltz_inputs/P38_2m.yaml,2140a290198cfcf5eb0f74354ba08507260def4c71d769ff77d2056802200869,runs/fmo87/boltz_msa/P38_1.csv,SUCCEEDED_CACHED,0,0.0,runs/fmo87/boltz_predictions_final/P38/boltz_results_P38_2m/predictions/P38_2m/affinity_P38_2m.json,-1.6931902170181274,0.8441485166549683,-10.96,090e82ac8c92f5e943fa1b39e7410a44027bea7243c0bbb3caa67a77fc1428e1,dcc5cd3722b1c9eaa34267e4ae32f55cbbf1963f4c19319381ccfa30fdd2ca9e
P38,2q,runs/fmo87/boltz_inputs/P38_2q.yaml,c7c68c3f670e98676712d48809fbff6ec8286ba832d9b78fe787d4b7e5ee122f,runs/fmo87/boltz_msa/P38_1.csv,SUCCEEDED_CACHED,0,0.0,runs/fmo87/boltz_predictions_final/P38/boltz_results_P38_2q/predictions/P38_2q/affinity_P38_2q.json,-1.6076871156692505,0.8558080196380615,-12.26,090e82ac8c92f5e943fa1b39e7410a44027bea7243c0bbb3caa67a77fc1428e1,dcc5cd3722b1c9eaa34267e4ae32f55cbbf1963f4c19319381ccfa30fdd2ca9e
P38,2n,runs/fmo87/boltz_inputs/P38_2n.yaml,209f877d18edc814bff584981cc103ced5c21dd7bb6ef238a1251f30c9959fb1,runs/fmo87/boltz_msa/P38_1.csv,SUCCEEDED_CACHED,0,0.0,runs/fmo87/boltz_predictions_final/P38/boltz_results_P38_2n/predictions/P38_2n/affinity_P38_2n.json,-1.5939900875091553,0.8170309066772461,-11.85,090e82ac8c92f5e943fa1b39e7410a44027bea7243c0bbb3caa67a77fc1428e1,dcc5cd3722b1c9eaa34267e4ae32f55cbbf1963f4c19319381ccfa30fdd2ca9e
P38,2s,runs/fmo87/boltz_inputs/P38_2s.yaml,09bd958a12dc175f2ae264e7d17a867635a68dbaa0aa392b5799d12796edbb62,runs/fmo87/boltz_msa/P38_1.csv,SUCCEEDED_CACHED,0,0.0,runs/fmo87/boltz_predictions_final/P38/boltz_results_P38_2s/predictions/P38_2s/affinity_P38_2s.json,-1.45693039894104,0.8334143161773682,-11.11,090e82ac8c92f5e943fa1b39e7410a44027bea7243c0bbb3caa67a77fc1428e1,dcc5cd3722b1c9eaa34267e4ae32f55cbbf1963f4c19319381ccfa30fdd2ca9e
TYK2,ejm_31,runs/fmo87/boltz_inputs/TYK2_ejm_31.yaml,217e2dd1ad6e86f68ceb2b84c309a9e03a2e00486f76e754e6c4cc189f2d5e67,runs/fmo87/boltz_msa/TYK2_1.csv,SUCCEEDED_CACHED,0,0.0,runs/fmo87/boltz_predictions_final/TYK2/boltz_results_TYK2_ejm_31/predictions/TYK2_ejm_31/affinity_TYK2_ejm_31.json,-0.3448253273963928,0.7641108632087708,-9.54,090e82ac8c92f5e943fa1b39e7410a44027bea7243c0bbb3caa67a77fc1428e1,dcc5cd3722b1c9eaa34267e4ae32f55cbbf1963f4c19319381ccfa30fdd2ca9e
TYK2,ejm_44,runs/fmo87/boltz_inputs/TYK2_ejm_44.yaml,b4980693bda00634f1bb538b4eac878270710000d0304f04949bc20a4327639f,runs/fmo87/boltz_msa/TYK2_1.csv,SUCCEEDED_CACHED,0,0.0,runs/fmo87/boltz_predictions_final/TYK2/boltz_results_TYK2_ejm_44/predictions/TYK2_ejm_44/affinity_TYK2_ejm_44.json,1.4830944538116455,0.1941605508327484,-7.42,090e82ac8c92f5e943fa1b39e7410a44027bea7243c0bbb3caa67a77fc1428e1,dcc5cd3722b1c9eaa34267e4ae32f55cbbf1963f4c19319381ccfa30fdd2ca9e
TYK2,ejm_43,runs/fmo87/boltz_inputs/TYK2_ejm_43.yaml,7eae8bb6ffd1c16e8b5933895889c1e2ec0456b76f83c36a87b947bc046e051a,runs/fmo87/boltz_msa/TYK2_1.csv,SUCCEEDED_CACHED,0,0.0,runs/fmo87/boltz_predictions_final/TYK2/boltz_results_TYK2_ejm_43/predictions/TYK2_ejm_43/affinity_TYK2_ejm_43.json,0.783167839050293,0.4198170900344848,-8.26,090e82ac8c92f5e943fa1b39e7410a44027bea7243c0bbb3caa67a77fc1428e1,dcc5cd3722b1c9eaa34267e4ae32f55cbbf1963f4c19319381ccfa30fdd2ca9e
TYK2,ejm_42,runs/fmo87/boltz_inputs/TYK2_ejm_42.yaml,a769314fcbcdb2bd13e0399c43ca8ece4f319aea91fb5a5ee492fdcd18db343a,runs/fmo87/boltz_msa/TYK2_1.csv,SUCCEEDED_CACHED,0,0.0,runs/fmo87/boltz_predictions_final/TYK2/boltz_results_TYK2_ejm_42/predictions/TYK2_ejm_42/affinity_TYK2_ejm_42.json,-0.5783445835113525,0.6989724636077881,-9.78,090e82ac8c92f5e943fa1b39e7410a44027bea7243c0bbb3caa67a77fc1428e1,dcc5cd3722b1c9eaa34267e4ae32f55cbbf1963f4c19319381ccfa30fdd2ca9e
TYK2,ejm_54,runs/fmo87/boltz_inputs/TYK2_ejm_54.yaml,940bfcf78123177ad22b846df1ead775d8bdd801a826f5f596f4c654a7510b68,runs/fmo87/boltz_msa/TYK2_1.csv,SUCCEEDED_CACHED,0,0.0,runs/fmo87/boltz_predictions_final/TYK2/boltz_results_TYK2_ejm_54/predictions/TYK2_ejm_54/affinity_TYK2_ejm_54.json,-0.7286403179168701,0.7949439883232117,-10.53,090e82ac8c92f5e943fa1b39e7410a44027bea7243c0bbb3caa67a77fc1428e1,dcc5cd3722b1c9eaa34267e4ae32f55cbbf1963f4c19319381ccfa30fdd2ca9e
TYK2,ejm_55,runs/fmo87/boltz_inputs/TYK2_ejm_55.yaml,82704dbfe6b4956fa0eb4c1faee433bebc4fd408916094f82a9514e0b80c0fdf,runs/fmo87/boltz_msa/TYK2_1.csv,SUCCEEDED_CACHED,0,0.0,runs/fmo87/boltz_predictions_final/TYK2/boltz_results_TYK2_ejm_55/predictions/TYK2_ejm_55/affinity_TYK2_ejm_55.json,-0.3914116621017456,0.7893478870391846,-9.21,090e82ac8c92f5e943fa1b39e7410a44027bea7243c0bbb3caa67a77fc1428e1,dcc5cd3722b1c9eaa34267e4ae32f55cbbf1963f4c19319381ccfa30fdd2ca9e
TYK2,jmc_28,runs/fmo87/boltz_inputs/TYK2_jmc_28.yaml,e98396127c12cd51e5174b7f22c4a53ea61d03e1b7f18d017dcea67c36c52d56,runs/fmo87/boltz_msa/TYK2_1.csv,SUCCEEDED_CACHED,0,0.0,runs/fmo87/boltz_predictions_final/TYK2/boltz_results_TYK2_jmc_28/predictions/TYK2_jmc_28/affinity_TYK2_jmc_28.json,0.1503510624170303,0.6358622312545776,-10.98,090e82ac8c92f5e943fa1b39e7410a44027bea7243c0bbb3caa67a77fc1428e1,dcc5cd3722b1c9eaa34267e4ae32f55cbbf1963f4c19319381ccfa30fdd2ca9e
TYK2,jmc_30,runs/fmo87/boltz_inputs/TYK2_jmc_30.yaml,6c694b5befafbed52841fac029623eba6f71857d62d955697692fb3cbf28390d,runs/fmo87/boltz_msa/TYK2_1.csv,SUCCEEDED_CACHED,0,0.0,runs/fmo87/boltz_predictions_final/TYK2/boltz_results_TYK2_jmc_30/predictions/TYK2_jmc_30/affinity_TYK2_jmc_30.json,-0.2329141199588775,0.6068539619445801,-10.94,090e82ac8c92f5e943fa1b39e7410a44027bea7243c0bbb3caa67a77fc1428e1,dcc5cd3722b1c9eaa34267e4ae32f55cbbf1963f4c19319381ccfa30fdd2ca9e
TYK2,ejm_45,runs/fmo87/boltz_inputs/TYK2_ejm_45.yaml,546ccdd2b3898eaa590622b4b8d26f8c43f85ece61b0f387ef2445319efdaba9,runs/fmo87/boltz_msa/TYK2_1.csv,SUCCEEDED_CACHED,0,0.0,runs/fmo87/boltz_predictions_final/TYK2/boltz_results_TYK2_ejm_45/predictions/TYK2_ejm_45/affinity_TYK2_ejm_45.json,0.0206412523984909,0.6927701234817505,-9.56,090e82ac8c92f5e943fa1b39e7410a44027bea7243c0bbb3caa67a77fc1428e1,dcc5cd3722b1c9eaa34267e4ae32f55cbbf1963f4c19319381ccfa30fdd2ca9e
TYK2,ejm_50,runs/fmo87/boltz_inputs/TYK2_ejm_50.yaml,d84c1d044bcedfc7e8d7907ea5a10088ff840e1cc83d3f2b45fa170495b0a0eb,runs/fmo87/boltz_msa/TYK2_1.csv,SUCCEEDED_CACHED,0,0.0,runs/fmo87/boltz_predictions_final/TYK2/boltz_results_TYK2_ejm_50/predictions/TYK2_ejm_50/affinity_TYK2_ejm_50.json,-0.2392188608646392,0.7103278040885925,-8.98,090e82ac8c92f5e943fa1b39e7410a44027bea7243c0bbb3caa67a77fc1428e1,dcc5cd3722b1c9eaa34267e4ae32f55cbbf1963f4c19319381ccfa30fdd2ca9e
TYK2,ejm_49,runs/fmo87/boltz_inputs/TYK2_ejm_49.yaml,9424536b8a3b9c17580aaa59fab08ab4948d27de841de303ca01a3341912ccc7,runs/fmo87/boltz_msa/TYK2_1.csv,SUCCEEDED_CACHED,0,0.0,runs/fmo87/boltz_predictions_final/TYK2/boltz_results_TYK2_ejm_49/predictions/TYK2_ejm_49/affinity_TYK2_ejm_49.json,0.9708863496780396,0.3290814459323883,-7.75,090e82ac8c92f5e943fa1b39e7410a44027bea7243c0bbb3caa67a77fc1428e1,dcc5cd3722b1c9eaa34267e4ae32f55cbbf1963f4c19319381ccfa30fdd2ca9e
TYK2,ejm_46,runs/fmo87/boltz_inputs/TYK2_ejm_46.yaml,78d4d4bb2e35d9e2c9c3ae95aeb0995f601d399af296eb89f277ab2f97afc35d,runs/fmo87/boltz_msa/TYK2_1.csv,SUCCEEDED_CACHED,0,0.0,runs/fmo87/boltz_predictions_final/TYK2/boltz_results_TYK2_ejm_46/predictions/TYK2_ejm_46/affinity_TYK2_ejm_46.json,-0.8276149034500122,0.6924152374267578,-11.31,090e82ac8c92f5e943fa1b39e7410a44027bea7243c0bbb3caa67a77fc1428e1,dcc5cd3722b1c9eaa34267e4ae32f55cbbf1963f4c19319381ccfa30fdd2ca9e
TYK2,ejm_47,runs/fmo87/boltz_inputs/TYK2_ejm_47.yaml,3f2d3fe045ba9ed511159998d6af3f3f1d73ca545c38b23587c578f554767c0f,runs/fmo87/boltz_msa/TYK2_1.csv,SUCCEEDED_CACHED,0,0.0,runs/fmo87/boltz_predictions_final/TYK2/boltz_results_TYK2_ejm_47/predictions/TYK2_ejm_47/affinity_TYK2_ejm_47.json,0.4110647737979889,0.5184013843536377,-9.7,090e82ac8c92f5e943fa1b39e7410a44027bea7243c0bbb3caa67a77fc1428e1,dcc5cd3722b1c9eaa34267e4ae32f55cbbf1963f4c19319381ccfa30fdd2ca9e
TYK2,ejm_48,runs/fmo87/boltz_inputs/TYK2_ejm_48.yaml,6b69888fa1a3702b91545332587320251e72d7653cb8e97c5e449b23e77b93ef,runs/fmo87/boltz_msa/TYK2_1.csv,SUCCEEDED_CACHED,0,0.0,runs/fmo87/boltz_predictions_final/TYK2/boltz_results_TYK2_ejm_48/predictions/TYK2_ejm_48/affinity_TYK2_ejm_48.json,0.7917423248291016,0.3569343090057373,-9.0,090e82ac8c92f5e943fa1b39e7410a44027bea7243c0bbb3caa67a77fc1428e1,dcc5cd3722b1c9eaa34267e4ae32f55cbbf1963f4c19319381ccfa30fdd2ca9e
TYK2,jmc_27,runs/fmo87/boltz_inputs/TYK2_jmc_27.yaml,e54184a38377422540269d13f611573e0ef692fc91551b43636994f4bd02eea1,runs/fmo87/boltz_msa/TYK2_1.csv,SUCCEEDED_CACHED,0,0.0,runs/fmo87/boltz_predictions_final/TYK2/boltz_results_TYK2_jmc_27/predictions/TYK2_jmc_27/affinity_TYK2_jmc_27.json,-0.5722888708114624,0.6173351407051086,-11.28,090e82ac8c92f5e943fa1b39e7410a44027bea7243c0bbb3caa67a77fc1428e1,dcc5cd3722b1c9eaa34267e4ae32f55cbbf1963f4c19319381ccfa30fdd2ca9e
TYK2,jmc_23,runs/fmo87/boltz_inputs/TYK2_jmc_23.yaml,5bdf42f4035e5b3eeec6114fe70bb39a507dcd5d0ffe2030af6ba01ad1726e9f,runs/fmo87/boltz_msa/TYK2_1.csv,SUCCEEDED_CACHED,0,0.0,runs/fmo87/boltz_predictions_final/TYK2/boltz_results_TYK2_jmc_23/predictions/TYK2_jmc_23/affinity_TYK2_jmc_23.json,-0.790482223033905,0.7008653879165649,-11.7,090e82ac8c92f5e943fa1b39e7410a44027bea7243c0bbb3caa67a77fc1428e1,dcc5cd3722b1c9eaa34267e4ae32f55cbbf1963f4c19319381ccfa30fdd2ca9e
