cohort_key,target,ligand_name,canonical_isomeric_smiles,experimental_dg_kcal_mol,clogp,tpie_kcal_mol,fmo_status,boltz_status,boltz_affinity_pred_value,boltz_dg_kcal_mol,fmo_target_fit_dg_kcal_mol,fmo_loo_dg_kcal_mol,tpie_only_in_sample,tpie_only_loo,clogp_only_in_sample,clogp_only_loo,tpie_clogp_in_sample,tpie_clogp_loo,official_p38_coefficients,official_p38_coefficients_p38_only
CDK2|17,CDK2,17,Brc1cccc(Nc2nc(OCC3CCCCC3)c3nc[nH]c3n2)c1,-7.04,4.818100000000003,-69.342,SUCCEEDED,SUCCEEDED_CACHED,-0.0843071788549423,-8.30049789513563,-7.560747531563841,-7.728061119087314,-8.0387578813536,-8.20593137018949,-7.474049670881701,-7.60571610830294,-7.560747531563842,-7.728061119087309,-7.190896700000003,
CDK2|29,CDK2,29,CN(C)S(=O)(=O)c1ccc(Nc2nc(OCC3CCCCC3)c3nc[nH]c3n2)cc1,-9.88,3.305900000000001,-89.30799999999999,SUCCEEDED,SUCCEEDED_CACHED,-1.785462737083435,-10.621294284155445,-9.71709432663997,-9.699921291687728,-9.771271842250968,-9.759980103057805,-9.60730494591444,-9.5840272378381,-9.717094326639968,-9.69992129168772,-6.115871300000001,
CDK2|28,CDK2,28,CNS(=O)(=O)c1ccc(Nc2nc(OCC3CCCCC3)c3nc[nH]c3n2)cc1,-11.11,2.963700000000001,-103.205,SUCCEEDED,SUCCEEDED_CACHED,-1.5132756233215332,-10.24996382721936,-10.533810453859491,-10.153355326308557,-10.977159176448641,-10.9169569176781,-10.090045294490157,-9.944868497298792,-10.533810453859491,-10.153355326308553,-6.153965900000001,
CDK2|32,CDK2,32,COc1cc(Nc2nc(OCC3CCCCC3)c3nc[nH]c3n2)ccc1S(N)(=O)=O,-9.75,2.7116,-93.489,SUCCEEDED,SUCCEEDED_CACHED,-1.7749096155166626,-10.606897219579787,-10.436054578039691,-10.584277246601934,-10.134070643739093,-10.19547531642931,-10.445681886763504,-10.595852333150354,-10.43605457803969,-10.584277246601932,-5.5834112,
CDK2|26,CDK2,26,COc1ccc(Nc2nc(OCC3CCCCC3)c3nc[nH]c3n2)cc1,-8.43,4.064200000000002,-75.786,SUCCEEDED,SUCCEEDED_CACHED,-0.3374457061290741,-8.64584137485325,-8.512751695574257,-8.520336438192864,-8.597924462743094,-8.612684057463873,-8.537573776057723,-8.54732419148229,-8.512751695574257,-8.520336438192867,-6.5496494000000025,
CDK2|21,CDK2,21,COc1cccc(Nc2nc(OCC3CCCCC3)c3nc[nH]c3n2)c1,-7.83,4.064200000000002,-75.949,SUCCEEDED,SUCCEEDED_CACHED,0.0268126130104064,-8.148903050994342,-8.518465229246052,-8.58128216431186,-8.612068496381594,-8.679877442968309,-8.537573776057723,-8.60170779192039,-8.518465229246052,-8.581282164311858,-6.554539400000002,
CDK2|30,CDK2,30,CS(=O)(=O)c1ccc(Nc2nc(OCC3CCCCC3)c3nc[nH]c3n2)cc1,-9.81,3.459100000000002,-90.872,SUCCEEDED,SUCCEEDED_CACHED,-1.3081132173538208,-9.97007162769099,-9.624360000085238,-9.593348154555242,-9.906985146610554,-9.918759270099585,-9.391186239304853,-9.360753443303247,-9.624360000085236,-9.593348154555242,-6.332383700000002,
CDK2|22,CDK2,22,CSc1cccc(Nc2nc(OCC3CCCCC3)c3nc[nH]c3n2)c1,-7.86,4.777500000000003,-71.202,SUCCEEDED,SUCCEEDED_CACHED,0.4218782782554626,-7.609935897231389,-7.66504923107946,-7.6015148344169985,-8.200156056615,-8.246870177556032,-7.531323949526278,-7.4380816833545005,-7.66504923107946,-7.6015148344169985,-7.201752500000004,
CDK2|31,CDK2,31,C[S@](=O)c1ccc(Nc2nc(OCC3CCCCC3)c3nc[nH]c3n2)cc1,-9.54,3.793000000000002,-75.67399999999999,SUCCEEDED,SUCCEEDED_CACHED,-0.5687136650085449,-8.961347996965094,-8.77003499374956,-8.688326021827828,-8.588205862942408,-8.503750564330216,-8.92015467183135,-8.877285827495033,-8.77003499374956,-8.68832602182783,-6.2460710000000015,
CDK2|1h1r,CDK2,1h1r,Clc1cccc(Nc2nc(OCC3CCCCC3)c3nc[nH]c3n2)c1,-7.67,4.709000000000003,-71.112,SUCCEEDED,SUCCEEDED_CACHED,-0.1723936051130294,-8.420669539047086,-7.727871022125056,-7.743812503082188,-8.192346467489449,-8.264764143118201,-7.627956661032522,-7.617305624667608,-7.727871022125056,-7.743812503082185,-7.123223000000003,
CDK2|1oiy,CDK2,1oiy,NC(=O)c1ccc(Nc2nc(OCC3CCCCC3)c3nc[nH]c3n2)cc1,-9.79,3.1545000000000014,-75.11,SUCCEEDED,SUCCEEDED_CACHED,-0.6950371861457825,-9.133684483352535,-9.365243525972875,-9.101345048755531,-8.539265771088951,-8.422673737910538,-9.820884398791012,-9.824137722810093,-9.365243525972877,-9.101345048755524,-5.522331500000002,
CDK2|1h1s,CDK2,1h1s,NS(=O)(=O)c1ccc(Nc2nc(OCC3CCCCC3)c3nc[nH]c3n2)cc1,-11.25,2.7030000000000003,-97.275,SUCCEEDED,SUCCEEDED_CACHED,-1.0384658575057983,-9.602206022445756,-10.577045970966708,-10.409496919255185,-10.462594026287297,-10.273525959836514,-10.457813876821222,-10.284356467333717,-10.577045970966704,-10.409496919255185,-5.687471,
CDK2|1oiu,CDK2,1oiu,NS(=O)(=O)c1cccc(Nc2nc(OCC3CCCCC3)c3nc[nH]c3n2)c1,-9.08,2.7030000000000003,-90.392,SUCCEEDED,SUCCEEDED_CACHED,-0.1465541273355484,-8.385418108670793,-10.335780619660184,-10.650277316828506,-9.865334004607613,-9.956126120647033,-10.457813876821222,-10.759500587603714,-10.335780619660182,-10.650277316828506,-5.480981000000001,
CDK2|20,CDK2,20,OCc1cccc(Nc2nc(OCC3CCCCC3)c3nc[nH]c3n2)c1,-8.72,3.547900000000001,-85.67699999999999,SUCCEEDED,SUCCEEDED_CACHED,-0.0085513293743133,-8.19714820376181,-9.356734358418851,-9.408804778603225,-9.456198307641214,-9.51269780416381,-9.26591638847632,-9.303342007961227,-9.35673435841885,-9.408804778603225,-6.274835300000001,
CDK2|1oi9,CDK2,1oi9,Oc1ccc(Nc2nc(OCC3CCCCC3)c3nc[nH]c3n2)cc1,-9.74,3.7612000000000014,-74.764,SUCCEEDED,SUCCEEDED_CACHED,-1.2300273180007937,-9.86354317273853,-8.768765859688667,-8.6398698432514,-8.50924223956183,-8.390853207047162,-8.965014821114542,-8.912241794830187,-8.768765859688667,-8.6398698432514,-6.183568400000001,
CDK2|1h1q,CDK2,1h1q,c1ccc(Nc2nc(OCC3CCCCC3)c3nc[nH]c3n2)cc1,-8.18,4.055600000000003,-66.918,SUCCEEDED,SUCCEEDED_CACHED,-0.6066758632659912,-9.013137812546027,-8.210190603330165,-8.219834041337386,-7.828419614238745,-7.752057167200119,-8.54970576611544,-8.582832651963436,-8.210190603330167,-8.219834041337382,-6.274089200000003,
JNK1|18636-1,JNK1,18636-1,CCOc1nc(NC(=O)Cc2cc(Br)ccc2Br)cc(N)c1C#N,-7.51,3.640380000000001,-76.181,SUCCEEDED,SUCCEEDED_CACHED,0.0956376641988754,-8.055008680488545,-8.042323649407777,-8.423157200209763,-9.126558603516653,-9.208064371933824,-7.935696810849705,-8.142984496751655,-8.042323649407773,-8.423157200209754,-6.092330660000001,
JNK1|18635-1,JNK1,18635-1,CCOc1nc(NC(=O)Cc2cc(C)ccc2C)cc(N)c1C#N,-7.29,2.73222,-77.548,SUCCEEDED,SUCCEEDED_CACHED,-0.0885878801345825,-8.30633782907007,-8.75128994180613,-8.931258201871838,-9.182223448595284,-9.284656134671767,-8.692072666582588,-8.817353240907131,-8.751289941806126,-8.931258201871843,-5.12800754,
JNK1|17124-1,JNK1,17124-1,CCOc1nc(NC(=O)Cc2cc(OC)c(Br)cc2OC)cc(N)c1C#N,-9.68,2.89508,-81.861,SUCCEEDED,SUCCEEDED_CACHED,-1.0465861558914185,-9.613284115263284,-8.679962943631175,-8.383101509427782,-9.357850717669267,-9.328063711664825,-8.556432061551913,-8.41944275485011,-8.679962943631173,-8.383101509427775,-5.437683560000001,
JNK1|18637-1,JNK1,18637-1,CCOc1nc(NC(=O)Cc2cc(OC)c(NC(C)=O)cc2OC)cc(N)c1C#N,-10.14,2.09098,-76.934,SUCCEEDED,SUCCEEDED_CACHED,-1.211754322052002,-9.838614292596205,-9.232545257486429,-9.18357668043322,-9.157221096818928,-9.106128727225611,-9.226139850482069,-9.177153662322885,-9.232545257486427,-9.183576680433228,-4.39973486,
JNK1|18638-1,JNK1,18638-1,CCOc1nc(NC(=O)Cc2cc(OC)c(S(C)(=O)=O)cc2OC)cc(N)c1C#N,-10.09,1.5360799999999997,-79.85,SUCCEEDED,SUCCEEDED_CACHED,-0.9141784906387328,-9.43264735343947,-9.691212180498889,-9.63736618648651,-9.275961907535304,-9.21953055568657,-9.68829735835092,-9.63409243135919,-9.691212180498885,-9.637366186486505,-3.872940559999999,
JNK1|18639-1,JNK1,18639-1,CCOc1nc(NC(=O)Cc2cc(OC)c([N+](=O)[O-])cc2OC)cc(N)c1C#N,-9.74,2.04078,-81.203,SUCCEEDED,SUCCEEDED_CACHED,-1.2283062934875488,-9.861195270186975,-9.323080563457934,-9.288127778395316,-9.33105666641708,-9.296782158607897,-9.267949738561033,-9.241317833675488,-9.323080563457932,-9.288127778395317,-4.47223346,
JNK1|18634-1,JNK1,18634-1,CCOc1nc(NC(=O)Cc2cc(OC)ccc2OC)cc(N)c1C#N,-9.99,2.13258,-71.305,SUCCEEDED,SUCCEEDED_CACHED,-0.4984765350818634,-8.865527202258521,-9.131912778771264,-9.060030631827726,-8.92800572524057,-8.855096916899708,-9.191492612552093,-9.150060196001855,-9.13191277877126,-9.060030631827727,-4.2769160600000005,
JNK1|18630-1,JNK1,18630-1,CCOc1nc(NC(=O)Cc2ccc(C)cc2)cc(N)c1C#N,-9.14,2.4238,-67.513,SUCCEEDED,SUCCEEDED_CACHED,-0.5023393630981445,-8.870797053841597,-8.863504993008537,-8.829376796582338,-8.773593806778122,-8.729538012118624,-8.948945289716326,-8.938389893772925,-8.863504993008533,-8.829376796582345,-4.4855366000000005,
JNK1|18627-1,JNK1,18627-1,CCOc1nc(NC(=O)Cc2ccc(Cl)cc2)cc(N)c1C#N,-8.48,2.7687800000000005,-74.04,SUCCEEDED,SUCCEEDED_CACHED,-0.2498833835124969,-8.526384737769245,-8.68046945169192,-8.700331127070465,-9.039376135840465,-9.068634394729019,-8.661623074786435,-8.679005460148018,-8.680469451691916,-8.700331127070463,-5.063239460000001,
JNK1|18633-1,JNK1,18633-1,CCOc1nc(NC(=O)Cc2ccc(OC)cc2)cc(N)c1C#N,-9.17,2.12398,-64.721,SUCCEEDED,SUCCEEDED_CACHED,-1.0030347108840942,-9.553869186498718,-9.057850936493317,-9.02878836213467,-8.659902330948174,-8.565552438372027,-9.198655262701077,-9.200150973316521,-9.057850936493312,-9.028788362134666,-4.069875860000001,
JNK1|18629-1,JNK1,18629-1,CCOc1nc(NC(=O)Cc2cccc(C)c2)cc(N)c1C#N,-8.67,2.4238,-71.668,SUCCEEDED,SUCCEEDED_CACHED,-0.5132182836532593,-8.885638588713949,-8.914380414508338,-8.930469170674758,-8.94278724591617,-8.96066767993813,-8.948945289716326,-8.964356466834804,-8.914380414508337,-8.930469170674757,-4.6101866,
JNK1|18626-1,JNK1,18626-1,CCOc1nc(NC(=O)Cc2cccc(Cl)c2)cc(N)c1C#N,-8.87,2.7687800000000005,-72.798,SUCCEEDED,SUCCEEDED_CACHED,-0.2002708613872528,-8.458701002650786,-8.665261924976456,-8.645641653706086,-8.988801346090897,-8.9956609892657,-8.661623074786435,-8.641680190222983,-8.665261924976452,-8.645641653706077,-5.02597946,
JNK1|18632-1,JNK1,18632-1,CCOc1nc(NC(=O)Cc2cccc(OC)c2)cc(N)c1C#N,-9.08,2.12398,-72.307,SUCCEEDED,SUCCEEDED_CACHED,-0.4871934354305267,-8.850134267261417,-9.15073684443495,-9.1558733293938,-8.968807608758338,-8.962048087457182,-9.198655262701077,-9.204848677776418,-9.150736844434949,-9.155873329393799,-4.29745586,
JNK1|18624-1,JNK1,18624-1,CCOc1nc(NC(=O)Cc2ccccc2)cc(N)c1C#N,-8.49,2.11538,-68.48,SUCCEEDED,SUCCEEDED_CACHED,0.1744168400764465,-7.947534425108269,-9.110432772812828,-9.196313993845886,-8.812970474803752,-8.846405777635109,-9.205817912850064,-9.243419635368898,-9.110432772812825,-9.196313993845887,-4.17312566,
JNK1|18628-1,JNK1,18628-1,CCOc1nc(NC(=O)Cc2ccccc2C)cc(N)c1C#N,-8.7,2.4238,-64.227,SUCCEEDED,SUCCEEDED_CACHED,0.0349051877856254,-8.137862780029492,-8.823269942455385,-8.849743628345342,-8.63978643228772,-8.627782048434218,-8.948945289716326,-8.962699026001069,-8.823269942455381,-8.849743628345342,-4.3869566,
JNK1|18625-1,JNK1,18625-1,CCOc1nc(NC(=O)Cc2ccccc2Cl)cc(N)c1C#N,-8.11,2.7687800000000005,-68.946,SUCCEEDED,SUCCEEDED_CACHED,0.1225640997290611,-8.018274371244829,-8.618096552264726,-8.675981052823083,-8.831946201070497,-8.901534809839278,-8.661623074786435,-8.714416613666634,-8.618096552264722,-8.67598105282309,-4.910419460000001,
JNK1|18631-1,JNK1,18631-1,CCOc1nc(NC(=O)Cc2ccccc2OC)cc(N)c1C#N,-9.41,2.12398,-70.627,SUCCEEDED,SUCCEEDED_CACHED,-0.388601005077362,-8.715629838644325,-9.130166276897125,-9.103647100335095,-8.900397265135734,-8.862045801156523,-9.198655262701077,-9.18762376142347,-9.130166276897121,-9.103647100335102,-4.247055860000001,
JNK1|18659-1,JNK1,18659-1,COCCOc1nc(NC(=O)Cc2cc(OC)ccc2OC)cc(N)c1C#N,-9.47,1.75908,-83.667,SUCCEEDED,SUCCEEDED_CACHED,-0.3591102957725525,-8.675397226562978,-9.567971360864576,-9.580660965294664,-9.431391837063567,-9.426677730484261,-9.502568174255131,-9.505437530581721,-9.567971360864572,-9.580660965294662,-4.23431156,
JNK1|18652-1,JNK1,18652-1,COc1cc(S(C)(=O)=O)c(OC)cc1CC(=O)Nc1cc(N)c(C#N)c(OC(C)C)n1,-10.68,1.92458,-85.907,SUCCEEDED,SUCCEEDED_CACHED,-1.1516622304916382,-9.756633836177995,-9.469249460344246,-9.258774128738478,-9.522605628560372,-9.322829478955764,-9.364728802201977,-9.27775718108158,-9.469249460344244,-9.258774128738485,-4.48472006,
JNK1|18658-1,JNK1,18658-1,COc1ccc(OC)c(CC(=O)Nc2cc(N)c(C#N)c(OCCO)n2)c1,-9.7,1.10498,-89.65899999999999,SUCCEEDED,SUCCEEDED_CACHED,-0.5707497596740723,-8.964125733030794,-10.139915384673978,-10.328515034770192,-9.67538872931752,-9.66794033458698,-10.047346018726236,-10.15260281588708,-10.139915384673976,-10.328515034770197,-3.6899828599999998,
JNK1|18660-1,JNK1,18660-1,COc1ccc(OC)c(CC(=O)Nc2cc(N)c(C#N)c(OCCS(C)(=O)=O)n2)c1,-8.7,1.15728,-86.908,SUCCEEDED,SUCCEEDED_CACHED,-0.1005445346236229,-8.322649659242627,-10.066366369513965,-10.514054743010682,-9.563366791635506,-9.736903230380706,-10.003787111424845,-10.362855169668075,-10.066366369513963,-10.514054743010682,-3.66534896,
P38|2ee,P38,2ee,CC(=O)N1CCC(Nc2ncc3cc(Oc4ccc(F)cc4F)c(=O)n(C)c3n2)CC1,-12.26,2.8218000000000014,-100.025,SUCCEEDED,SUCCEEDED_CACHED,-1.6636722087860107,-10.45514191970982,-10.942994299141173,-10.89546239321071,-10.87272518375423,-10.82474286571465,-10.746267771947593,-10.697764986367819,-10.942994299141175,-10.895462393210712,-5.901482600000002,-5.901482600000002
P38|2r,P38,2r,CC(C)(O)Cn1c(=O)c(Oc2ccc(F)cc2F)cc2cnc(NC3CCOCC3)nc21,-10.79,3.2238000000000016,-93.288,SUCCEEDED,SUCCEEDED_CACHED,-1.1811047792434692,-9.7968007453688,-10.895137150088122,-10.901681589279638,-10.578335793253308,-10.571768908659237,-11.004192277148146,-11.017244143670988,-10.895137150088125,-10.901681589279642,-6.144386600000002,-6.144386600000002
P38|3fly,P38,3fly,CC(C)Nc1ncc2cc(Oc3ccc(F)cc3F)c(=O)n(C)c2n1,-11.42,3.2193000000000014,-84.477,SUCCEEDED,SUCCEEDED_CACHED,-1.3631579875946045,-10.045166291075134,-10.517957746196792,-10.43971087794642,-10.19331799308949,-10.12891290070572,-11.001305062537693,-10.976014956376869,-10.517957746196796,-10.439710877946418,-5.875075100000002,-5.875075100000002
P38|2l,P38,2l,CCn1c(=O)c(Oc2ccc(F)cc2F)cc2cnc(NC3CCOCC3)nc21,-12.26,3.472800000000002,-93.155,SUCCEEDED,SUCCEEDED_CACHED,-1.666711688041687,-10.459288520205556,-11.037210128645862,-10.914024530426634,-10.572524038921019,-10.519999263752837,-11.163951485593264,-11.055617605347402,-11.037210128645865,-10.914024530426634,-6.416039600000002,-6.416039600000002
P38|2v,P38,2v,CNc1ncc2cc(Oc3ccc(F)cc3F)c(=O)n(C)c2n1,-8.97,2.4407000000000005,-69.018,SUCCEEDED,SUCCEEDED_CACHED,-1.1152925491333008,-9.70701660701988,-9.398950369241174,-9.477509820820462,-9.517799871113272,-9.6150637102757,-10.501752774604482,-10.558625080774508,-9.398950369241174,-9.477509820820462,-4.5493949,-4.5493949
P38|2p,P38,2p,CS(=O)(=O)CCCn1c(=O)c(Oc2ccc(F)cc2F)cc2cnc(NC3CCOCC3)nc21,-11.2,2.8876000000000017,-116.47,SUCCEEDED,SUCCEEDED_CACHED,-1.5115561485290527,-10.24761803886973,-11.681023141718107,-11.741146647867309,-11.591328943111169,-11.639112629552745,-10.788485265584898,-10.774371557357984,-11.68102314171811,-11.741146647867305,-6.467673200000002,-6.467673200000002
P38|2o,P38,2o,CS(=O)(=O)CCn1c(=O)c(Oc2ccc(F)cc2F)cc2cnc(NC3CCOCC3)nc21,-10.49,2.4975,-107.375,SUCCEEDED,SUCCEEDED_CACHED,-1.4142491817474363,-10.114867300090488,-11.06300454816703,-11.099710543326369,-11.193901081064872,-11.235133431529704,-10.538195839020878,-10.539853670560204,-11.063004548167033,-11.099710543326365,-5.762982500000001,-5.762982500000001
P38|2u,P38,2u,CS(=O)(=O)N1CCC(n2c(=O)c(Oc3ccc(F)cc3F)cc3cnc(NC4CCOCC4)nc32)CC1,-12.26,3.049400000000001,-123.379,SUCCEEDED,SUCCEEDED_CACHED,-1.9516764879226685,-10.848050897263086,-12.070681007519422,-12.029715186651917,-11.893234286583171,-11.818672888107216,-10.892296670911886,-10.83229307818882,-12.070681007519426,-12.029715186651911,-6.854055800000001,-6.854055800000001
P38|3flq,P38,3flq,C[C@@H](CS(C)(=O)=O)Nc1ncc2cc(Oc3ccc(F)cc3F)c(=O)n(C)c2n1,-9.93,2.244,-97.496,SUCCEEDED,SUCCEEDED_CACHED,-0.5882699489593506,-8.98802759893103,-10.492703919724583,-10.522901876687753,-10.762214456638773,-10.788218988917528,-10.375549415965306,-10.398796842682513,-10.492703919724587,-10.522901876687751,-5.185988,-5.185988
P38|3fmk,P38,3fmk,C[C@@H](Cn1ncnn1)Nc1ncc2cc(Oc3ccc(F)cc3F)c(=O)n(C)c2n1,-11.83,1.8861,-94.49,SUCCEEDED,SUCCEEDED_CACHED,-0.6597874164581299,-9.085595090346011,-10.152600495771903,-9.977575611391504,-10.63086006924887,-10.594392440296303,-10.145919613947202,-9.970206595833728,-10.152600495771907,-9.977575611391504,-4.6996127,-4.6996127
P38|3fmh,P38,3fmh,C[C@H](Cn1ncnn1)Nc1ncc2cc(Oc3ccc(F)cc3F)c(=O)n(C)c2n1,-10.83,1.8861,-85.756,SUCCEEDED,SUCCEEDED_CACHED,-0.6909197568893433,-9.12806729278806,-9.781363709338828,-9.655079340576528,-10.24920696896164,-10.221640844312379,-10.145919613947202,-10.074544262591616,-9.78136370933883,-9.655079340576528,-4.437592700000001,-4.437592700000001
P38|2c,P38,2c,Cn1c(=O)c(-c2ccccc2Cl)cc2cnc(NC3CCOCC3)nc21,-10.46,3.2398000000000016,-86.108,SUCCEEDED,SUCCEEDED_CACHED,-0.9488324522972108,-9.479923917121852,-10.599445239637213,-10.610915564421104,-10.264588454111756,-10.255561430871719,-11.014457929096427,-11.049317749636202,-10.599445239637216,-10.61091556442111,-5.946698600000002,-5.946698600000002
P38|2j,P38,2j,Cn1c(=O)c(Cc2ccc(F)cc2F)cc2cnc(NC3CCOCC3)nc21,-10.08,2.788400000000001,-97.911,SUCCEEDED,SUCCEEDED_CACHED,-1.282925009727478,-9.935708690673064,-10.833323714213956,-10.85779043134811,-10.780348878051552,-10.802500430831952,-10.724838223505557,-10.744990885073353,-10.833323714213961,-10.85779043134811,-5.801088800000001,-5.801088800000001
P38|2i,P38,2i,Cn1c(=O)c(Cc2ccccc2F)cc2cnc(NC3CCOCC3)nc21,-10.05,2.649300000000001,-90.316,SUCCEEDED,SUCCEEDED_CACHED,-1.4707592725753784,-10.1919610227088,-10.427974967188806,-10.441208142260567,-10.448467117497222,-10.46236682886747,-10.635591211880191,-10.653458998381787,-10.42797496718881,-10.441208142260564,-5.419255100000002,-5.419255100000002
P38|2e,P38,2e,Cn1c(=O)c(Oc2ccc(F)cc2)cc2cnc(NC3CCOCC3)nc21,-10.7,2.8508000000000004,-90.524,SUCCEEDED,SUCCEEDED_CACHED,-0.8599276542663574,-9.358635811963849,-10.55636139264226,-10.55097786537761,-10.45755617690411,-10.449191018843381,-10.76487426610385,-10.767009988370546,-10.55636139264226,-10.550977865377611,-5.648555600000001,-5.648555600000001
P38|2z,P38,2z,Cn1c(=O)c(Oc2ccc(F)cc2F)cc2cnc(NC(C)(C)CO)nc21,-10.36,2.5818000000000008,-86.091,SUCCEEDED,SUCCEEDED_CACHED,-1.4382086992263794,-10.147554000244876,-10.20834601738856,-10.201185886111723,-10.263845598294846,-10.259397976430828,-10.592282992723382,-10.599630582072574,-10.208346017388562,-10.201185886111727,-5.2177826000000005,-5.2177826000000005
P38|3flw,P38,3flw,Cn1c(=O)c(Oc2ccc(F)cc2F)cc2cnc(NC(CCO)CCO)nc21,-10.68,1.9443,-97.245,SUCCEEDED,SUCCEEDED_CACHED,-0.8339852690696716,-9.323243990448288,-10.304229931192136,-10.26848043733482,-10.751246408989118,-10.753458458887009,-10.183260922909072,-10.136854500807766,-10.30422993119214,-10.268480437334823,-4.8466901,-4.8466901
P38|2aa,P38,2aa,Cn1c(=O)c(Oc2ccc(F)cc2F)cc2cnc(NC(CO)CO)nc21,-9.27,1.1640999999999997,-85.452,SUCCEEDED,SUCCEEDED_CACHED,-1.4410580396652222,-10.151441204427686,-9.340095849518466,-9.366589976826068,-10.23592295905927,-10.282865965011359,-9.682682069781034,-9.829805273331594,-9.340095849518468,-9.366589976826067,-3.6292186999999996,-3.6292186999999996
P38|3fln,P38,3fln,Cn1c(=O)c(Oc2ccc(F)cc2F)cc2cnc(NC3CCOCC3)nc21,-10.88,2.9899000000000013,-85.887,SUCCEEDED,SUCCEEDED_CACHED,-1.5523560047149658,-10.303279120803587,-10.441791617610006,-10.41638825441336,-10.25493132849194,-10.225562438282255,-10.854121277729217,-10.853094577702718,-10.441791617610008,-10.41638825441336,-5.6634293000000016,-5.6634293000000016
P38|2gg,P38,2gg,Cn1c(=O)c(Oc2ccc(F)cc2F)cc2cnc(NC3CCS(=O)(=O)CC3)nc21,-10.66,2.388100000000001,-101.234,SUCCEEDED,SUCCEEDED_CACHED,-1.202173352241516,-9.825543483150277,-10.737078101395936,-10.740779001185974,-10.925555341556757,-10.935393725149037,-10.468004443824508,-10.460268604478761,-10.737078101395939,-10.740779001185977,-5.457646700000001,-5.457646700000001
P38|2y,P38,2y,Cn1c(=O)c(Oc2ccc(F)cc2F)cc2cnc(NCC(C)(C)O)nc21,-9.78,2.5818000000000008,-91.196,SUCCEEDED,SUCCEEDED_CACHED,-1.071194410324097,-9.646855852869052,-10.425332941448652,-10.447624432906562,-10.48692083037251,-10.510525471174027,-10.592282992723382,-10.617977176339185,-10.425332941448655,-10.44762443290656,-5.370932600000001,-5.370932600000001
P38|2bb,P38,2bb,Cn1c(=O)c(Oc2ccc(F)cc2F)cc2cnc(NCCS(C)(=O)=O)nc21,-9.06,1.8555,-92.952,SUCCEEDED,SUCCEEDED_CACHED,-0.731095552444458,-9.1828770018704,-10.06907384382041,-10.180973974464788,-10.563653466519106,-10.610708148653236,-10.126286554596113,-10.2441099365794,-10.069073843820412,-10.18097397446479,-4.6195984999999995,-4.6195984999999995
P38|2x,P38,2x,Cn1c(=O)c(Oc2ccc(F)cc2F)cc2cnc(N[C@H]3CCOC3)nc21,-10.23,2.599800000000001,-83.443,SUCCEEDED,SUCCEEDED_CACHED,-1.3232133388519287,-9.990671923341235,-10.106472344709992,-10.099352645998874,-10.148134880461027,-10.143461589215077,-10.603831851165198,-10.615509878807078,-10.106472344709994,-10.099352645998877,-5.1582686,-5.1582686
P38|2ff,P38,2ff,Cn1c(=O)c(Oc2ccc(F)cc2F)cc2cnc(N[C@H]3CC[C@H](O)CC3)nc21,-11.44,3.1144000000000016,-107.253,SUCCEEDED,SUCCEEDED_CACHED,-1.6955249309539795,-10.49859690078448,-11.42381189727437,-11.422583416249484,-11.188569998143526,-11.173988182069056,-10.934000881951777,-10.909012002132418,-11.423811897274373,-11.422583416249488,-6.442230800000002,-6.442230800000002
P38|2f,P38,2f,Cn1c(=O)c(Oc2cccc(F)c2)cc2cnc(NC3CCOCC3)nc21,-8.48,2.8508000000000004,-82.293,SUCCEEDED,SUCCEEDED_CACHED,-1.2549009323120115,-9.897476926765975,-10.206504512732636,-10.321363094508817,-10.097882869317186,-10.199369658818823,-10.76487426610385,-10.840094490389964,-10.20650451273264,-10.32136309450881,-5.401625600000001,-5.401625600000001
P38|3flz,P38,3flz,Cn1c(=O)c(Oc2ccccc2)cc2cnc(NC3CCOCC3)nc21,-9.49,2.7117000000000004,-91.706,SUCCEEDED,SUCCEEDED_CACHED,-1.1320443153381348,-9.729870154027871,-10.52407713777684,-10.557920688522742,-10.50920650487978,-10.542495092044277,-10.675627254478487,-10.711595753909558,-10.52407713777684,-10.557920688522739,-5.530031900000001,-5.530031900000001
P38|2g,P38,2g,Cn1c(=O)c(Oc2ccccc2F)cc2cnc(NC3CCOCC3)nc21,-10.66,2.8508000000000004,-88.732,SUCCEEDED,SUCCEEDED_CACHED,-1.495571255683899,-10.225810696552056,-10.480192819103436,-10.472739620658007,-10.379250434321705,-10.368491734075906,-10.76487426610385,-10.768326826244778,-10.48019281910344,-10.472739620658004,-5.5947956,-5.5947956
P38|2h,P38,2h,Cn1c(=O)c(Sc2ccccc2F)cc2cnc(NC3CCOCC3)nc21,-9.48,3.2097000000000016,-85.173,SUCCEEDED,SUCCEEDED_CACHED,-1.3056291341781616,-9.966682724638469,-10.541845611428148,-10.62926965190884,-10.223731384181763,-10.260676742419124,-10.995145671368723,-11.08496650776436,-10.541845611428151,-10.629269651908833,-5.885327900000002,-5.885327900000002
P38|2t,P38,2t,N#CCn1c(=O)c(Oc2ccc(F)cc2F)cc2cnc(NC3CCOCC3)nc21,-11.85,2.9764800000000013,-91.477,SUCCEEDED,SUCCEEDED_CACHED,-1.395063400268555,-10.088693155015196,-10.671431577088978,-10.621877164560594,-10.499199800052006,-10.454654997749024,-10.845510962157597,-10.806500011240432,-10.67143157708898,-10.62187716456059,-5.816273360000001,-5.816273360000001
P38|2k,P38,2k,O=c1[nH]c2nc(NC3CCOCC3)ncc2cc1Oc1ccc(F)cc1F,-10.55,2.9795000000000007,-81.222,SUCCEEDED,SUCCEEDED_CACHED,-0.9563801288604736,-9.490220812328634,-10.237336711934184,-10.21235913263896,-10.051082952851921,-10.016898852322662,-10.847448603962835,-10.859055479154867,-10.237336711934187,-10.212359132638959,-5.511966500000001,-5.511966500000001
P38|2m,P38,2m,O=c1c(Oc2ccc(F)cc2F)cc2cnc(NC3CCOCC3)nc2n1C1CC1,-10.96,3.7878000000000016,-99.226,SUCCEEDED,SUCCEEDED_CACHED,-1.6931902170181274,-10.495411774271206,-11.482139108859744,-11.574369624789046,-10.83781096035951,-10.833745786967484,-11.366056508325041,-11.437042167098504,-11.482139108859748,-11.574369624789046,-6.946874600000002,-6.946874600000002
P38|2q,P38,2q,O=c1c(Oc2ccc(F)cc2F)cc2cnc(NC3CCOCC3)nc2n1C1CCS(=O)(=O)CC1,-12.26,3.202600000000001,-126.292,SUCCEEDED,SUCCEEDED_CACHED,-1.6076871156692505,-10.378764423650836,-12.285387567994556,-12.292517840466878,-12.020524815680572,-11.960900454635839,-10.990590288316673,-10.916370139154257,-12.28538756799456,-12.292517840466878,-7.1110382,-7.1110382
P38|2n,P38,2n,O=c1c(Oc2ccc(F)cc2F)cc2cnc(NC3CCOCC3)nc2n1CCCO,-11.85,2.8353000000000006,-105.218,SUCCEEDED,SUCCEEDED_CACHED,-1.5939900875091553,-10.36007829389598,-11.17173089141528,-11.137227182686033,-11.099645787119423,-11.062696245016756,-10.754929415778955,-10.719417753503652,-11.171730891415285,-11.137227182686035,-6.0722171000000005,-6.0722171000000005
P38|2s,P38,2s,O=c1c(Oc2ccc(F)cc2F)cc2cnc(NC3CCOCC3)nc2n1C[C@H](O)CO,-11.11,1.806099999999999,-126.657,SUCCEEDED,SUCCEEDED_CACHED,-1.45693039894104,-10.173095023159528,-11.472389688082009,-11.62311589504592,-12.036474367043617,-12.272986391277044,-10.094591354205797,-9.971638741440273,-11.47238968808201,-11.623115895045917,-5.576062699999999,-5.576062699999999
TYK2|ejm_31,TYK2,ejm_31,CC(=O)Nc1cc(NC(=O)c2c(Cl)cccc2Cl)ccn1,-9.54,3.5991000000000017,-69.761,SUCCEEDED,SUCCEEDED_CACHED,-0.3448253273963928,-8.655909001124513,-9.879139631582364,-9.97670161827332,-9.526675518287066,-9.524278072942888,-10.060899641002337,-10.126758329732477,-9.879139631582364,-9.976701618273314,-5.854033700000001,
TYK2|ejm_44,TYK2,ejm_44,CC(C)(C)C(=O)Nc1cc(NC(=O)c2c(Cl)cccc2Cl)ccn1,-7.42,4.625300000000003,-71.414,SUCCEEDED,SUCCEEDED_CACHED,1.4830944538116455,-6.162174899545248,-9.297372339063912,-9.635146527970278,-9.613181296341402,-9.844881199926219,-9.377868750951908,-9.67218549338042,-9.297372339063914,-9.635146527970274,-7.039627100000003,
TYK2|ejm_43,TYK2,ejm_43,CC(C)C(=O)Nc1cc(NC(=O)c2c(Cl)cccc2Cl)ccn1,-8.26,4.2352000000000025,-72.434,SUCCEEDED,SUCCEEDED_CACHED,0.783167839050293,-7.11704769307659,-9.583375924759782,-9.695803985673582,-9.666560542327742,-9.779543430559997,-9.637516334472345,-9.738720074024695,-9.583375924759782,-9.695803985673587,-6.638386400000003,
TYK2|ejm_42,TYK2,ejm_42,CCC(=O)Nc1cc(NC(=O)c2c(Cl)cccc2Cl)ccn1,-9.78,3.989200000000002,-73.353,SUCCEEDED,SUCCEEDED_CACHED,-0.5783445835113525,-8.974486948765325,-9.774581712096577,-9.774196266414496,-9.714654196309555,-9.710158996059187,-9.8012520574819,-9.802705673039089,-9.774581712096577,-9.774196266414494,-6.3936344000000025,
TYK2|ejm_54,TYK2,ejm_54,CCNC(=O)Nc1cc(NC(=O)c2c(Cl)cccc2Cl)ccn1,-10.53,3.7821000000000016,-75.235,SUCCEEDED,SUCCEEDED_CACHED,-0.7286403179168701,-9.17952745549984,-9.979155785992448,-9.926940065136678,-9.813144138413765,-9.758480133450893,-9.939096237300106,-9.886885108928933,-9.979155785992447,-9.926940065136682,-6.220834700000002,
TYK2|ejm_55,TYK2,ejm_55,COC(=O)Nc1cc(NC(=O)c2c(Cl)cccc2Cl)ccn1,-9.21,3.8190000000000017,-68.461,SUCCEEDED,SUCCEEDED_CACHED,-0.3914116621017456,-8.719464269094505,-9.6893949834123,-9.846891672945976,-9.458643145951534,-9.527509104526688,-9.914535878848673,-9.97308638848515,-9.689394983412301,-9.846891672945969,-6.058463000000002,
TYK2|jmc_28,TYK2,jmc_28,C[C@@H]1C[C@@H]1C(=O)Nc1cc(NC(=O)c2c(Cl)cccc2Cl)ccn1,-10.98,4.2352000000000025,-70.19,SUCCEEDED,SUCCEEDED_CACHED,0.1503510624170303,-7.9803660903964735,-9.495092300524,-9.259972057084322,-9.549126201157792,-9.325755299521232,-9.637516334472345,-9.53888638443884,-9.495092300524,-9.259972057084322,-6.571066400000003,
TYK2|jmc_30,TYK2,jmc_30,N#C[C@@H]1C[C@@H]1C(=O)Nc1cc(NC(=O)c2c(Cl)cccc2Cl)ccn1,-10.94,3.7388800000000018,-79.086,SUCCEEDED,SUCCEEDED_CACHED,-0.2329141199588775,-8.503234470652828,-10.157903102101876,-9.95163205284456,-10.014676958309256,-9.787683815890137,-9.96786313952967,-9.875023906263804,-10.157903102101876,-9.951632052844555,-6.288520160000002,
TYK2|ejm_45,TYK2,ejm_45,O=C(CC1CC1)Nc1cc(NC(=O)c2c(Cl)cccc2Cl)ccn1,-9.56,4.379300000000002,-72.832,SUCCEEDED,SUCCEEDED_CACHED,0.0206412523984909,-8.157322311275504,-9.508209823590391,-9.503256471145615,-9.687388914781236,-9.696825319831696,-9.541604473961463,-9.539927602571732,-9.508209823590395,-9.50325647114562,-6.809845100000003,
TYK2|ejm_50,TYK2,ejm_50,O=C(CO)Nc1cc(NC(=O)c2c(Cl)cccc2Cl)ccn1,-8.98,2.5715000000000003,-78.247,SUCCEEDED,SUCCEEDED_CACHED,-0.2392188608646392,-8.51183569460147,-10.8606786591299,-13.78573249797622,-9.970769911855784,-10.154719021828054,-10.744862360370703,-13.02344082531438,-10.8606786591299,-13.785732497976221,-4.971060500000001,
TYK2|ejm_49,TYK2,ejm_49,O=C(Nc1cc(NC(=O)c2c(Cl)cccc2Cl)ccn1)c1ccccc1,-7.75,4.893000000000003,-80.214,SUCCEEDED,SUCCEEDED_CACHED,0.9708863496780396,-6.86095327566145,-9.474855001427656,-10.988327678911697,-10.073708124458856,-10.90141023879892,-9.199689673514275,-9.591077818981883,-9.474855001427656,-10.988327678911691,-7.599971000000004,
TYK2|ejm_46,TYK2,ejm_46,O=C(Nc1ccnc(NC(=O)C2CC2)c1)c1c(Cl)cccc1Cl,-11.31,3.989200000000002,-72.009,SUCCEEDED,SUCCEEDED_CACHED,-0.8276149034500122,-9.31455323817973,-9.721705958543597,-9.573568264720016,-9.644319189833434,-9.495744427894053,-9.8012520574819,-9.698055485433688,-9.721705958543595,-9.573568264720015,-6.353314400000003,
TYK2|ejm_47,TYK2,ejm_47,O=C(Nc1ccnc(NC(=O)C2CCC2)c1)c1c(Cl)cccc1Cl,-9.7,4.379300000000002,-72.31099999999999,SUCCEEDED,SUCCEEDED_CACHED,0.4110647737979889,-7.62468818838793,-9.487712600672904,-9.465864496489486,-9.660123633252919,-9.65682762078611,-9.541604473961463,-9.527165695460633,-9.487712600672907,-9.465864496489488,-6.794215100000002,
TYK2|ejm_48,TYK2,ejm_48,O=C(Nc1ccnc(NC(=O)C2CCCC2)c1)c1c(Cl)cccc1Cl,-9.0,4.769400000000003,-72.305,SUCCEEDED,SUCCEEDED_CACHED,0.7917423248291016,-7.105349976464546,-9.241601882612992,-9.293307653579417,-9.659809637688294,-9.714424950146112,-9.281956890441027,-9.340037010904165,-9.241601882612994,-9.293307653579419,-7.225875800000003,
TYK2|jmc_27,TYK2,jmc_27,O=C(Nc1ccnc(NC(=O)[C@H]2C[C@H]2Cl)c1)c1c(Cl)cccc1Cl,-11.28,4.206500000000002,-77.863,SUCCEEDED,SUCCEEDED_CACHED,-0.5722888708114624,-8.966225460802706,-9.815053284469684,-9.554503190155025,-9.950674195719749,-9.733372091634676,-9.656618835490127,-9.540905955055049,-9.815053284469684,-9.554503190155025,-6.769485500000002,
TYK2|jmc_23,TYK2,jmc_23,O=C(Nc1ccnc(NC(=O)[C@H]2C[C@H]2F)c1)c1c(Cl)cccc1Cl,-11.7,3.9372000000000016,-77.593,SUCCEEDED,SUCCEEDED_CACHED,-0.790482223033905,-9.2638950898361,-9.974167010019611,-9.714233268572428,-9.9365443953116,-9.672828836020406,-9.835862860719692,-9.702992677231181,-9.974167010019613,-9.714233268572428,-6.463270400000002,
