cohort_key,target,ligand_name,canonical_isomeric_smiles,experimental_dg_kcal_mol,rdkit_crippen_clogp,tpie_kcal_mol,fmo_status,boltz_status,boltz_affinity_pred_value,boltz_dg_kcal_mol,fmo_target_fit_dg_kcal_mol,fmo_loo_dg_kcal_mol
CDK2|17,CDK2,17,Brc1cccc(Nc2nc(OCC3CCCCC3)c3nc[nH]c3n2)c1,-7.04,4.818100000000003,-69.342,SUCCEEDED,SUCCEEDED_CACHED,-0.0843071788549423,-8.30049789513563,-7.560747531563841,-7.728061119087314
CDK2|29,CDK2,29,CN(C)S(=O)(=O)c1ccc(Nc2nc(OCC3CCCCC3)c3nc[nH]c3n2)cc1,-9.88,3.305900000000001,-89.30799999999999,SUCCEEDED,SUCCEEDED_CACHED,-1.785462737083435,-10.621294284155443,-9.71709432663997,-9.699921291687728
CDK2|28,CDK2,28,CNS(=O)(=O)c1ccc(Nc2nc(OCC3CCCCC3)c3nc[nH]c3n2)cc1,-11.11,2.963700000000001,-103.205,SUCCEEDED,SUCCEEDED_CACHED,-1.5132756233215332,-10.249963827219359,-10.533810453859493,-10.153355326308555
CDK2|32,CDK2,32,COc1cc(Nc2nc(OCC3CCCCC3)c3nc[nH]c3n2)ccc1S(N)(=O)=O,-9.75,2.7116,-93.489,SUCCEEDED,SUCCEEDED_CACHED,-1.7749096155166626,-10.606897219579787,-10.436054578039691,-10.584277246601934
CDK2|26,CDK2,26,COc1ccc(Nc2nc(OCC3CCCCC3)c3nc[nH]c3n2)cc1,-8.43,4.064200000000002,-75.786,SUCCEEDED,SUCCEEDED_CACHED,-0.3374457061290741,-8.64584137485325,-8.512751695574257,-8.520336438192864
CDK2|21,CDK2,21,COc1cccc(Nc2nc(OCC3CCCCC3)c3nc[nH]c3n2)c1,-7.83,4.064200000000002,-75.949,SUCCEEDED,SUCCEEDED_CACHED,0.0268126130104064,-8.148903050994342,-8.518465229246052,-8.58128216431186
CDK2|30,CDK2,30,CS(=O)(=O)c1ccc(Nc2nc(OCC3CCCCC3)c3nc[nH]c3n2)cc1,-9.81,3.459100000000002,-90.872,SUCCEEDED,SUCCEEDED_CACHED,-1.3081132173538208,-9.97007162769099,-9.624360000085238,-9.593348154555242
CDK2|22,CDK2,22,CSc1cccc(Nc2nc(OCC3CCCCC3)c3nc[nH]c3n2)c1,-7.86,4.777500000000003,-71.202,SUCCEEDED,SUCCEEDED_CACHED,0.4218782782554626,-7.609935897231389,-7.66504923107946,-7.6015148344169985
CDK2|31,CDK2,31,C[S@](=O)c1ccc(Nc2nc(OCC3CCCCC3)c3nc[nH]c3n2)cc1,-9.54,3.793000000000002,-75.67399999999999,SUCCEEDED,SUCCEEDED_CACHED,-0.5687136650085449,-8.961347996965094,-8.77003499374956,-8.688326021827828
CDK2|1h1r,CDK2,1h1r,Clc1cccc(Nc2nc(OCC3CCCCC3)c3nc[nH]c3n2)c1,-7.67,4.709000000000003,-71.112,SUCCEEDED,SUCCEEDED_CACHED,-0.1723936051130294,-8.420669539047086,-7.727871022125056,-7.743812503082188
CDK2|1oiy,CDK2,1oiy,NC(=O)c1ccc(Nc2nc(OCC3CCCCC3)c3nc[nH]c3n2)cc1,-9.79,3.1545000000000014,-75.11,SUCCEEDED,SUCCEEDED_CACHED,-0.6950371861457825,-9.133684483352537,-9.365243525972877,-9.101345048755531
CDK2|1h1s,CDK2,1h1s,NS(=O)(=O)c1ccc(Nc2nc(OCC3CCCCC3)c3nc[nH]c3n2)cc1,-11.25,2.7030000000000003,-97.275,SUCCEEDED,SUCCEEDED_CACHED,-1.0384658575057983,-9.602206022445756,-10.577045970966708,-10.409496919255185
CDK2|1oiu,CDK2,1oiu,NS(=O)(=O)c1cccc(Nc2nc(OCC3CCCCC3)c3nc[nH]c3n2)c1,-9.08,2.7030000000000003,-90.392,SUCCEEDED,SUCCEEDED_CACHED,-0.1465541273355484,-8.385418108670793,-10.335780619660184,-10.650277316828506
CDK2|20,CDK2,20,OCc1cccc(Nc2nc(OCC3CCCCC3)c3nc[nH]c3n2)c1,-8.72,3.547900000000001,-85.67699999999999,SUCCEEDED,SUCCEEDED_CACHED,-0.0085513293743133,-8.19714820376181,-9.356734358418851,-9.408804778603223
CDK2|1oi9,CDK2,1oi9,Oc1ccc(Nc2nc(OCC3CCCCC3)c3nc[nH]c3n2)cc1,-9.74,3.7612000000000014,-74.764,SUCCEEDED,SUCCEEDED_CACHED,-1.2300273180007937,-9.86354317273853,-8.768765859688667,-8.6398698432514
CDK2|1h1q,CDK2,1h1q,c1ccc(Nc2nc(OCC3CCCCC3)c3nc[nH]c3n2)cc1,-8.18,4.055600000000003,-66.918,SUCCEEDED,SUCCEEDED_CACHED,-0.6066758632659912,-9.013137812546027,-8.210190603330165,-8.219834041337386
JNK1|18636-1,JNK1,18636-1,CCOc1nc(NC(=O)Cc2cc(Br)ccc2Br)cc(N)c1C#N,-7.51,3.640380000000001,-76.181,SUCCEEDED,SUCCEEDED_CACHED,0.0956376641988754,-8.055008680488545,-8.042323649407777,-8.423157200209763
JNK1|18635-1,JNK1,18635-1,CCOc1nc(NC(=O)Cc2cc(C)ccc2C)cc(N)c1C#N,-7.29,2.73222,-77.548,SUCCEEDED,SUCCEEDED_CACHED,-0.0885878801345825,-8.30633782907007,-8.75128994180613,-8.931258201871838
JNK1|17124-1,JNK1,17124-1,CCOc1nc(NC(=O)Cc2cc(OC)c(Br)cc2OC)cc(N)c1C#N,-9.68,2.89508,-81.861,SUCCEEDED,SUCCEEDED_CACHED,-1.0465861558914185,-9.613284115263285,-8.679962943631175,-8.383101509427782
JNK1|18637-1,JNK1,18637-1,CCOc1nc(NC(=O)Cc2cc(OC)c(NC(C)=O)cc2OC)cc(N)c1C#N,-10.14,2.09098,-76.934,SUCCEEDED,SUCCEEDED_CACHED,-1.211754322052002,-9.838614292596203,-9.232545257486429,-9.183576680433221
JNK1|18638-1,JNK1,18638-1,CCOc1nc(NC(=O)Cc2cc(OC)c(S(C)(=O)=O)cc2OC)cc(N)c1C#N,-10.09,1.5360799999999997,-79.85,SUCCEEDED,SUCCEEDED_CACHED,-0.9141784906387328,-9.43264735343947,-9.691212180498889,-9.63736618648651
JNK1|18639-1,JNK1,18639-1,CCOc1nc(NC(=O)Cc2cc(OC)c([N+](=O)[O-])cc2OC)cc(N)c1C#N,-9.74,2.04078,-81.203,SUCCEEDED,SUCCEEDED_CACHED,-1.2283062934875488,-9.861195270186977,-9.323080563457934,-9.288127778395316
JNK1|18634-1,JNK1,18634-1,CCOc1nc(NC(=O)Cc2cc(OC)ccc2OC)cc(N)c1C#N,-9.99,2.13258,-71.305,SUCCEEDED,SUCCEEDED_CACHED,-0.4984765350818634,-8.865527202258521,-9.131912778771264,-9.060030631827726
JNK1|18630-1,JNK1,18630-1,CCOc1nc(NC(=O)Cc2ccc(C)cc2)cc(N)c1C#N,-9.14,2.4238,-67.513,SUCCEEDED,SUCCEEDED_CACHED,-0.5023393630981445,-8.870797053841597,-8.863504993008537,-8.829376796582338
JNK1|18627-1,JNK1,18627-1,CCOc1nc(NC(=O)Cc2ccc(Cl)cc2)cc(N)c1C#N,-8.48,2.7687800000000005,-74.04,SUCCEEDED,SUCCEEDED_CACHED,-0.2498833835124969,-8.526384737769245,-8.68046945169192,-8.700331127070465
JNK1|18633-1,JNK1,18633-1,CCOc1nc(NC(=O)Cc2ccc(OC)cc2)cc(N)c1C#N,-9.17,2.12398,-64.721,SUCCEEDED,SUCCEEDED_CACHED,-1.0030347108840942,-9.553869186498718,-9.057850936493315,-9.02878836213467
JNK1|18629-1,JNK1,18629-1,CCOc1nc(NC(=O)Cc2cccc(C)c2)cc(N)c1C#N,-8.67,2.4238,-71.668,SUCCEEDED,SUCCEEDED_CACHED,-0.5132182836532593,-8.885638588713949,-8.914380414508338,-8.930469170674758
JNK1|18626-1,JNK1,18626-1,CCOc1nc(NC(=O)Cc2cccc(Cl)c2)cc(N)c1C#N,-8.87,2.7687800000000005,-72.798,SUCCEEDED,SUCCEEDED_CACHED,-0.2002708613872528,-8.458701002650786,-8.665261924976456,-8.645641653706086
JNK1|18632-1,JNK1,18632-1,CCOc1nc(NC(=O)Cc2cccc(OC)c2)cc(N)c1C#N,-9.08,2.12398,-72.307,SUCCEEDED,SUCCEEDED_CACHED,-0.4871934354305267,-8.850134267261417,-9.15073684443495,-9.155873329393799
JNK1|18624-1,JNK1,18624-1,CCOc1nc(NC(=O)Cc2ccccc2)cc(N)c1C#N,-8.49,2.11538,-68.48,SUCCEEDED,SUCCEEDED_CACHED,0.1744168400764465,-7.947534425108269,-9.110432772812828,-9.196313993845886
JNK1|18628-1,JNK1,18628-1,CCOc1nc(NC(=O)Cc2ccccc2C)cc(N)c1C#N,-8.7,2.4238,-64.227,SUCCEEDED,SUCCEEDED_CACHED,0.0349051877856254,-8.137862780029492,-8.823269942455385,-8.849743628345342
JNK1|18625-1,JNK1,18625-1,CCOc1nc(NC(=O)Cc2ccccc2Cl)cc(N)c1C#N,-8.11,2.7687800000000005,-68.946,SUCCEEDED,SUCCEEDED_CACHED,0.1225640997290611,-8.018274371244829,-8.618096552264726,-8.675981052823083
JNK1|18631-1,JNK1,18631-1,CCOc1nc(NC(=O)Cc2ccccc2OC)cc(N)c1C#N,-9.41,2.12398,-70.627,SUCCEEDED,SUCCEEDED_CACHED,-0.388601005077362,-8.715629838644325,-9.130166276897125,-9.103647100335097
JNK1|18659-1,JNK1,18659-1,COCCOc1nc(NC(=O)Cc2cc(OC)ccc2OC)cc(N)c1C#N,-9.47,1.75908,-83.667,SUCCEEDED,SUCCEEDED_CACHED,-0.3591102957725525,-8.675397226562978,-9.567971360864576,-9.580660965294665
JNK1|18652-1,JNK1,18652-1,COc1cc(S(C)(=O)=O)c(OC)cc1CC(=O)Nc1cc(N)c(C#N)c(OC(C)C)n1,-10.68,1.92458,-85.907,SUCCEEDED,SUCCEEDED_CACHED,-1.1516622304916382,-9.756633836177997,-9.469249460344246,-9.258774128738478
JNK1|18658-1,JNK1,18658-1,COc1ccc(OC)c(CC(=O)Nc2cc(N)c(C#N)c(OCCO)n2)c1,-9.7,1.10498,-89.65899999999999,SUCCEEDED,SUCCEEDED_CACHED,-0.5707497596740723,-8.964125733030794,-10.139915384673978,-10.328515034770192
JNK1|18660-1,JNK1,18660-1,COc1ccc(OC)c(CC(=O)Nc2cc(N)c(C#N)c(OCCS(C)(=O)=O)n2)c1,-8.7,1.15728,-86.908,SUCCEEDED,SUCCEEDED_CACHED,-0.1005445346236229,-8.322649659242627,-10.066366369513965,-10.514054743010682
P38|2ee,P38,2ee,CC(=O)N1CCC(Nc2ncc3cc(Oc4ccc(F)cc4F)c(=O)n(C)c3n2)CC1,-12.26,2.8218000000000014,-100.025,SUCCEEDED,SUCCEEDED_CACHED,-1.6636722087860107,-10.45514191970982,-10.942994299141171,-10.89546239321071
P38|2r,P38,2r,CC(C)(O)Cn1c(=O)c(Oc2ccc(F)cc2F)cc2cnc(NC3CCOCC3)nc21,-10.79,3.2238000000000016,-93.288,SUCCEEDED,SUCCEEDED_CACHED,-1.1811047792434692,-9.796800745368799,-10.895137150088122,-10.901681589279638
P38|3fly,P38,3fly,CC(C)Nc1ncc2cc(Oc3ccc(F)cc3F)c(=O)n(C)c2n1,-11.42,3.2193000000000014,-84.477,SUCCEEDED,SUCCEEDED_CACHED,-1.3631579875946045,-10.045166291075134,-10.517957746196792,-10.43971087794642
P38|2l,P38,2l,CCn1c(=O)c(Oc2ccc(F)cc2F)cc2cnc(NC3CCOCC3)nc21,-12.26,3.472800000000002,-93.155,SUCCEEDED,SUCCEEDED_CACHED,-1.666711688041687,-10.459288520205556,-11.037210128645862,-10.914024530426634
P38|2v,P38,2v,CNc1ncc2cc(Oc3ccc(F)cc3F)c(=O)n(C)c2n1,-8.97,2.4407000000000005,-69.018,SUCCEEDED,SUCCEEDED_CACHED,-1.1152925491333008,-9.70701660701988,-9.398950369241174,-9.477509820820462
P38|2p,P38,2p,CS(=O)(=O)CCCn1c(=O)c(Oc2ccc(F)cc2F)cc2cnc(NC3CCOCC3)nc21,-11.2,2.8876000000000017,-116.47,SUCCEEDED,SUCCEEDED_CACHED,-1.5115561485290527,-10.24761803886973,-11.681023141718107,-11.741146647867307
P38|2o,P38,2o,CS(=O)(=O)CCn1c(=O)c(Oc2ccc(F)cc2F)cc2cnc(NC3CCOCC3)nc21,-10.49,2.4975,-107.375,SUCCEEDED,SUCCEEDED_CACHED,-1.4142491817474363,-10.114867300090488,-11.06300454816703,-11.099710543326367
P38|2u,P38,2u,CS(=O)(=O)N1CCC(n2c(=O)c(Oc3ccc(F)cc3F)cc3cnc(NC4CCOCC4)nc32)CC1,-12.26,3.049400000000001,-123.379,SUCCEEDED,SUCCEEDED_CACHED,-1.9516764879226685,-10.848050897263086,-12.070681007519422,-12.029715186651915
P38|3flq,P38,3flq,C[C@@H](CS(C)(=O)=O)Nc1ncc2cc(Oc3ccc(F)cc3F)c(=O)n(C)c2n1,-9.93,2.244,-97.496,SUCCEEDED,SUCCEEDED_CACHED,-0.5882699489593506,-8.98802759893103,-10.492703919724585,-10.522901876687751
P38|3fmk,P38,3fmk,C[C@@H](Cn1ncnn1)Nc1ncc2cc(Oc3ccc(F)cc3F)c(=O)n(C)c2n1,-11.83,1.8861,-94.49,SUCCEEDED,SUCCEEDED_CACHED,-0.6597874164581299,-9.085595090346013,-10.152600495771903,-9.977575611391504
P38|3fmh,P38,3fmh,C[C@H](Cn1ncnn1)Nc1ncc2cc(Oc3ccc(F)cc3F)c(=O)n(C)c2n1,-10.83,1.8861,-85.756,SUCCEEDED,SUCCEEDED_CACHED,-0.6909197568893433,-9.12806729278806,-9.781363709338828,-9.655079340576528
P38|2c,P38,2c,Cn1c(=O)c(-c2ccccc2Cl)cc2cnc(NC3CCOCC3)nc21,-10.46,3.2398000000000016,-86.108,SUCCEEDED,SUCCEEDED_CACHED,-0.9488324522972108,-9.479923917121853,-10.599445239637213,-10.610915564421104
P38|2j,P38,2j,Cn1c(=O)c(Cc2ccc(F)cc2F)cc2cnc(NC3CCOCC3)nc21,-10.08,2.788400000000001,-97.911,SUCCEEDED,SUCCEEDED_CACHED,-1.282925009727478,-9.935708690673065,-10.833323714213957,-10.85779043134811
P38|2i,P38,2i,Cn1c(=O)c(Cc2ccccc2F)cc2cnc(NC3CCOCC3)nc21,-10.05,2.649300000000001,-90.316,SUCCEEDED,SUCCEEDED_CACHED,-1.4707592725753784,-10.191961022708801,-10.427974967188806,-10.441208142260567
P38|2e,P38,2e,Cn1c(=O)c(Oc2ccc(F)cc2)cc2cnc(NC3CCOCC3)nc21,-10.7,2.8508000000000004,-90.524,SUCCEEDED,SUCCEEDED_CACHED,-0.8599276542663574,-9.358635811963849,-10.556361392642259,-10.55097786537761
P38|2z,P38,2z,Cn1c(=O)c(Oc2ccc(F)cc2F)cc2cnc(NC(C)(C)CO)nc21,-10.36,2.5818000000000008,-86.091,SUCCEEDED,SUCCEEDED_CACHED,-1.4382086992263794,-10.147554000244877,-10.20834601738856,-10.201185886111723
P38|3flw,P38,3flw,Cn1c(=O)c(Oc2ccc(F)cc2F)cc2cnc(NC(CCO)CCO)nc21,-10.68,1.9443,-97.245,SUCCEEDED,SUCCEEDED_CACHED,-0.8339852690696716,-9.323243990448287,-10.304229931192136,-10.268480437334821
P38|2aa,P38,2aa,Cn1c(=O)c(Oc2ccc(F)cc2F)cc2cnc(NC(CO)CO)nc21,-9.27,1.1640999999999997,-85.452,SUCCEEDED,SUCCEEDED_CACHED,-1.4410580396652222,-10.151441204427686,-9.340095849518466,-9.366589976826067
P38|3fln,P38,3fln,Cn1c(=O)c(Oc2ccc(F)cc2F)cc2cnc(NC3CCOCC3)nc21,-10.88,2.9899000000000013,-85.887,SUCCEEDED,SUCCEEDED_CACHED,-1.5523560047149658,-10.303279120803587,-10.441791617610006,-10.41638825441336
P38|2gg,P38,2gg,Cn1c(=O)c(Oc2ccc(F)cc2F)cc2cnc(NC3CCS(=O)(=O)CC3)nc21,-10.66,2.388100000000001,-101.234,SUCCEEDED,SUCCEEDED_CACHED,-1.202173352241516,-9.825543483150277,-10.737078101395936,-10.740779001185974
P38|2y,P38,2y,Cn1c(=O)c(Oc2ccc(F)cc2F)cc2cnc(NCC(C)(C)O)nc21,-9.78,2.5818000000000008,-91.196,SUCCEEDED,SUCCEEDED_CACHED,-1.071194410324097,-9.646855852869052,-10.425332941448652,-10.447624432906562
P38|2bb,P38,2bb,Cn1c(=O)c(Oc2ccc(F)cc2F)cc2cnc(NCCS(C)(=O)=O)nc21,-9.06,1.8555,-92.952,SUCCEEDED,SUCCEEDED_CACHED,-0.731095552444458,-9.1828770018704,-10.06907384382041,-10.180973974464788
P38|2x,P38,2x,Cn1c(=O)c(Oc2ccc(F)cc2F)cc2cnc(N[C@H]3CCOC3)nc21,-10.23,2.599800000000001,-83.443,SUCCEEDED,SUCCEEDED_CACHED,-1.3232133388519287,-9.990671923341237,-10.106472344709992,-10.099352645998874
P38|2ff,P38,2ff,Cn1c(=O)c(Oc2ccc(F)cc2F)cc2cnc(N[C@H]3CC[C@H](O)CC3)nc21,-11.44,3.1144000000000016,-107.253,SUCCEEDED,SUCCEEDED_CACHED,-1.6955249309539795,-10.49859690078448,-11.42381189727437,-11.422583416249484
P38|2f,P38,2f,Cn1c(=O)c(Oc2cccc(F)c2)cc2cnc(NC3CCOCC3)nc21,-8.48,2.8508000000000004,-82.293,SUCCEEDED,SUCCEEDED_CACHED,-1.2549009323120115,-9.897476926765975,-10.206504512732636,-10.321363094508815
P38|3flz,P38,3flz,Cn1c(=O)c(Oc2ccccc2)cc2cnc(NC3CCOCC3)nc21,-9.49,2.7117000000000004,-91.706,SUCCEEDED,SUCCEEDED_CACHED,-1.1320443153381348,-9.729870154027871,-10.524077137776839,-10.557920688522742
P38|2g,P38,2g,Cn1c(=O)c(Oc2ccccc2F)cc2cnc(NC3CCOCC3)nc21,-10.66,2.8508000000000004,-88.732,SUCCEEDED,SUCCEEDED_CACHED,-1.495571255683899,-10.225810696552056,-10.480192819103436,-10.472739620658007
P38|2h,P38,2h,Cn1c(=O)c(Sc2ccccc2F)cc2cnc(NC3CCOCC3)nc21,-9.48,3.2097000000000016,-85.173,SUCCEEDED,SUCCEEDED_CACHED,-1.3056291341781616,-9.966682724638467,-10.541845611428148,-10.629269651908839
P38|2t,P38,2t,N#CCn1c(=O)c(Oc2ccc(F)cc2F)cc2cnc(NC3CCOCC3)nc21,-11.85,2.9764800000000013,-91.477,SUCCEEDED,SUCCEEDED_CACHED,-1.395063400268555,-10.088693155015196,-10.671431577088978,-10.621877164560594
P38|2k,P38,2k,O=c1[nH]c2nc(NC3CCOCC3)ncc2cc1Oc1ccc(F)cc1F,-10.55,2.9795000000000007,-81.222,SUCCEEDED,SUCCEEDED_CACHED,-0.9563801288604736,-9.490220812328634,-10.237336711934185,-10.212359132638959
P38|2m,P38,2m,O=c1c(Oc2ccc(F)cc2F)cc2cnc(NC3CCOCC3)nc2n1C1CC1,-10.96,3.7878000000000016,-99.226,SUCCEEDED,SUCCEEDED_CACHED,-1.6931902170181274,-10.495411774271206,-11.482139108859743,-11.574369624789046
P38|2q,P38,2q,O=c1c(Oc2ccc(F)cc2F)cc2cnc(NC3CCOCC3)nc2n1C1CCS(=O)(=O)CC1,-12.26,3.202600000000001,-126.292,SUCCEEDED,SUCCEEDED_CACHED,-1.6076871156692505,-10.378764423650837,-12.285387567994555,-12.292517840466878
P38|2n,P38,2n,O=c1c(Oc2ccc(F)cc2F)cc2cnc(NC3CCOCC3)nc2n1CCCO,-11.85,2.8353000000000006,-105.218,SUCCEEDED,SUCCEEDED_CACHED,-1.5939900875091553,-10.360078293895981,-11.17173089141528,-11.137227182686033
P38|2s,P38,2s,O=c1c(Oc2ccc(F)cc2F)cc2cnc(NC3CCOCC3)nc2n1C[C@H](O)CO,-11.11,1.806099999999999,-126.657,SUCCEEDED,SUCCEEDED_CACHED,-1.45693039894104,-10.173095023159528,-11.472389688082007,-11.62311589504592
TYK2|ejm_31,TYK2,ejm_31,CC(=O)Nc1cc(NC(=O)c2c(Cl)cccc2Cl)ccn1,-9.54,3.5991000000000017,-69.761,SUCCEEDED,SUCCEEDED_CACHED,-0.3448253273963928,-8.655909001124513,-9.879139631582364,-9.97670161827332
TYK2|ejm_44,TYK2,ejm_44,CC(C)(C)C(=O)Nc1cc(NC(=O)c2c(Cl)cccc2Cl)ccn1,-7.42,4.625300000000003,-71.414,SUCCEEDED,SUCCEEDED_CACHED,1.4830944538116455,-6.162174899545248,-9.297372339063912,-9.635146527970278
TYK2|ejm_43,TYK2,ejm_43,CC(C)C(=O)Nc1cc(NC(=O)c2c(Cl)cccc2Cl)ccn1,-8.26,4.2352000000000025,-72.434,SUCCEEDED,SUCCEEDED_CACHED,0.783167839050293,-7.11704769307659,-9.583375924759782,-9.695803985673582
TYK2|ejm_42,TYK2,ejm_42,CCC(=O)Nc1cc(NC(=O)c2c(Cl)cccc2Cl)ccn1,-9.78,3.989200000000002,-73.353,SUCCEEDED,SUCCEEDED_CACHED,-0.5783445835113525,-8.974486948765325,-9.774581712096577,-9.774196266414497
TYK2|ejm_54,TYK2,ejm_54,CCNC(=O)Nc1cc(NC(=O)c2c(Cl)cccc2Cl)ccn1,-10.53,3.7821000000000016,-75.235,SUCCEEDED,SUCCEEDED_CACHED,-0.7286403179168701,-9.179527455499839,-9.979155785992447,-9.926940065136678
TYK2|ejm_55,TYK2,ejm_55,COC(=O)Nc1cc(NC(=O)c2c(Cl)cccc2Cl)ccn1,-9.21,3.8190000000000017,-68.461,SUCCEEDED,SUCCEEDED_CACHED,-0.3914116621017456,-8.719464269094505,-9.689394983412301,-9.846891672945976
TYK2|jmc_28,TYK2,jmc_28,C[C@@H]1C[C@@H]1C(=O)Nc1cc(NC(=O)c2c(Cl)cccc2Cl)ccn1,-10.98,4.2352000000000025,-70.19,SUCCEEDED,SUCCEEDED_CACHED,0.1503510624170303,-7.9803660903964735,-9.495092300524,-9.259972057084322
TYK2|jmc_30,TYK2,jmc_30,N#C[C@@H]1C[C@@H]1C(=O)Nc1cc(NC(=O)c2c(Cl)cccc2Cl)ccn1,-10.94,3.7388800000000018,-79.086,SUCCEEDED,SUCCEEDED_CACHED,-0.2329141199588775,-8.503234470652828,-10.157903102101876,-9.951632052844559
TYK2|ejm_45,TYK2,ejm_45,O=C(CC1CC1)Nc1cc(NC(=O)c2c(Cl)cccc2Cl)ccn1,-9.56,4.379300000000002,-72.832,SUCCEEDED,SUCCEEDED_CACHED,0.0206412523984909,-8.157322311275504,-9.508209823590393,-9.503256471145615
TYK2|ejm_50,TYK2,ejm_50,O=C(CO)Nc1cc(NC(=O)c2c(Cl)cccc2Cl)ccn1,-8.98,2.5715000000000003,-78.247,SUCCEEDED,SUCCEEDED_CACHED,-0.2392188608646392,-8.51183569460147,-10.860678659129901,-13.785732497976221
TYK2|ejm_49,TYK2,ejm_49,O=C(Nc1cc(NC(=O)c2c(Cl)cccc2Cl)ccn1)c1ccccc1,-7.75,4.893000000000003,-80.214,SUCCEEDED,SUCCEEDED_CACHED,0.9708863496780396,-6.86095327566145,-9.474855001427656,-10.988327678911695
TYK2|ejm_46,TYK2,ejm_46,O=C(Nc1ccnc(NC(=O)C2CC2)c1)c1c(Cl)cccc1Cl,-11.31,3.989200000000002,-72.009,SUCCEEDED,SUCCEEDED_CACHED,-0.8276149034500122,-9.31455323817973,-9.721705958543595,-9.573568264720015
TYK2|ejm_47,TYK2,ejm_47,O=C(Nc1ccnc(NC(=O)C2CCC2)c1)c1c(Cl)cccc1Cl,-9.7,4.379300000000002,-72.31099999999999,SUCCEEDED,SUCCEEDED_CACHED,0.4110647737979889,-7.62468818838793,-9.487712600672905,-9.465864496489486
TYK2|ejm_48,TYK2,ejm_48,O=C(Nc1ccnc(NC(=O)C2CCCC2)c1)c1c(Cl)cccc1Cl,-9.0,4.769400000000003,-72.305,SUCCEEDED,SUCCEEDED_CACHED,0.7917423248291016,-7.105349976464546,-9.241601882612992,-9.293307653579417
TYK2|jmc_27,TYK2,jmc_27,O=C(Nc1ccnc(NC(=O)[C@H]2C[C@H]2Cl)c1)c1c(Cl)cccc1Cl,-11.28,4.206500000000002,-77.863,SUCCEEDED,SUCCEEDED_CACHED,-0.5722888708114624,-8.966225460802706,-9.815053284469684,-9.554503190155025
TYK2|jmc_23,TYK2,jmc_23,O=C(Nc1ccnc(NC(=O)[C@H]2C[C@H]2F)c1)c1c(Cl)cccc1Cl,-11.7,3.9372000000000016,-77.593,SUCCEEDED,SUCCEEDED_CACHED,-0.790482223033905,-9.263895089836101,-9.974167010019613,-9.714233268572428
