target,ligand_name,ligand_sdf,protein_pdb,protein_chain,canonical_isomeric_smiles,formal_charge,experimental_dg_kcal_mol,source_record_count,representative_rule,job,status,tpie_kcal_mol,wall_seconds,result_path,ligand_rmsd_angstrom,ligand_max_displacement_angstrom,minimization_json,rdkit_crippen_clogp
CDK2,17,vendor/public_binding_free_energy_benchmark/fep_benchmark_inputs/structure_inputs/jacs_set/cdk2_ligands.sdf,vendor/public_binding_free_energy_benchmark/fep_benchmark_inputs/structure_inputs/jacs_set/cdk2_protein.pdb,A,Brc1cccc(Nc2nc(OCC3CCCCC3)c3nc[nH]c3n2)c1,0,-7.04,1,unique_canonical_smiles,CDK2_17,SUCCEEDED,-69.342,36.59052877500653,runs/fmo87/final_fmo_v4_standard_geometry/targets/CDK2/fmo/CDK2_17/run/result.json,0.0826113424580021,0.2150298442904299,runs/fmo87/final_fmo_v4_standard_geometry/targets/CDK2/minimized/CDK2_17/minimization.json,4.818100000000003
CDK2,29,vendor/public_binding_free_energy_benchmark/fep_benchmark_inputs/structure_inputs/jacs_set/cdk2_ligands.sdf,vendor/public_binding_free_energy_benchmark/fep_benchmark_inputs/structure_inputs/jacs_set/cdk2_protein.pdb,A,CN(C)S(=O)(=O)c1ccc(Nc2nc(OCC3CCCCC3)c3nc[nH]c3n2)cc1,0,-9.88,1,unique_canonical_smiles,CDK2_29,SUCCEEDED,-89.30799999999999,35.55113077163696,runs/fmo87/final_fmo_v4_standard_geometry/targets/CDK2/fmo/CDK2_29/run/result.json,0.0745312111105465,0.202219106588049,runs/fmo87/final_fmo_v4_standard_geometry/targets/CDK2/minimized/CDK2_29/minimization.json,3.305900000000001
CDK2,28,vendor/public_binding_free_energy_benchmark/fep_benchmark_inputs/structure_inputs/jacs_set/cdk2_ligands.sdf,vendor/public_binding_free_energy_benchmark/fep_benchmark_inputs/structure_inputs/jacs_set/cdk2_protein.pdb,A,CNS(=O)(=O)c1ccc(Nc2nc(OCC3CCCCC3)c3nc[nH]c3n2)cc1,0,-11.11,1,unique_canonical_smiles,CDK2_28,SUCCEEDED,-103.205,34.19330943003297,runs/fmo87/final_fmo_v4_standard_geometry/targets/CDK2/fmo/CDK2_28/run/result.json,0.080720164234098,0.2011191502419611,runs/fmo87/final_fmo_v4_standard_geometry/targets/CDK2/minimized/CDK2_28/minimization.json,2.963700000000001
CDK2,32,vendor/public_binding_free_energy_benchmark/fep_benchmark_inputs/structure_inputs/jacs_set/cdk2_ligands.sdf,vendor/public_binding_free_energy_benchmark/fep_benchmark_inputs/structure_inputs/jacs_set/cdk2_protein.pdb,A,COc1cc(Nc2nc(OCC3CCCCC3)c3nc[nH]c3n2)ccc1S(N)(=O)=O,0,-9.75,1,unique_canonical_smiles,CDK2_32,SUCCEEDED,-93.489,40.3010827191174,runs/fmo87/final_fmo_v4_standard_geometry/targets/CDK2/fmo/CDK2_32/run/result.json,0.112874052273612,0.286401775153167,runs/fmo87/final_fmo_v4_standard_geometry/targets/CDK2/minimized/CDK2_32/minimization.json,2.7116
CDK2,26,vendor/public_binding_free_energy_benchmark/fep_benchmark_inputs/structure_inputs/jacs_set/cdk2_ligands.sdf,vendor/public_binding_free_energy_benchmark/fep_benchmark_inputs/structure_inputs/jacs_set/cdk2_protein.pdb,A,COc1ccc(Nc2nc(OCC3CCCCC3)c3nc[nH]c3n2)cc1,0,-8.43,1,unique_canonical_smiles,CDK2_26,SUCCEEDED,-75.786,33.323573369532824,runs/fmo87/final_fmo_v4_standard_geometry/targets/CDK2/fmo/CDK2_26/run/result.json,0.0787557004252395,0.2035416256884429,runs/fmo87/final_fmo_v4_standard_geometry/targets/CDK2/minimized/CDK2_26/minimization.json,4.064200000000002
CDK2,21,vendor/public_binding_free_energy_benchmark/fep_benchmark_inputs/structure_inputs/jacs_set/cdk2_ligands.sdf,vendor/public_binding_free_energy_benchmark/fep_benchmark_inputs/structure_inputs/jacs_set/cdk2_protein.pdb,A,COc1cccc(Nc2nc(OCC3CCCCC3)c3nc[nH]c3n2)c1,0,-7.83,1,unique_canonical_smiles,CDK2_21,SUCCEEDED,-75.949,34.63252416625619,runs/fmo87/final_fmo_v4_standard_geometry/targets/CDK2/fmo/CDK2_21/run/result.json,0.0772528962302824,0.1977817288990791,runs/fmo87/final_fmo_v4_standard_geometry/targets/CDK2/minimized/CDK2_21/minimization.json,4.064200000000002
CDK2,30,vendor/public_binding_free_energy_benchmark/fep_benchmark_inputs/structure_inputs/jacs_set/cdk2_ligands.sdf,vendor/public_binding_free_energy_benchmark/fep_benchmark_inputs/structure_inputs/jacs_set/cdk2_protein.pdb,A,CS(=O)(=O)c1ccc(Nc2nc(OCC3CCCCC3)c3nc[nH]c3n2)cc1,0,-9.81,1,unique_canonical_smiles,CDK2_30,SUCCEEDED,-90.872,38.13199079036713,runs/fmo87/final_fmo_v4_standard_geometry/targets/CDK2/fmo/CDK2_30/run/result.json,0.3354981604019244,1.6807682478159411,runs/fmo87/final_fmo_v4_standard_geometry/targets/CDK2/minimized/CDK2_30/minimization.json,3.459100000000002
CDK2,22,vendor/public_binding_free_energy_benchmark/fep_benchmark_inputs/structure_inputs/jacs_set/cdk2_ligands.sdf,vendor/public_binding_free_energy_benchmark/fep_benchmark_inputs/structure_inputs/jacs_set/cdk2_protein.pdb,A,CSc1cccc(Nc2nc(OCC3CCCCC3)c3nc[nH]c3n2)c1,0,-7.86,1,unique_canonical_smiles,CDK2_22,SUCCEEDED,-71.202,39.75314624607563,runs/fmo87/final_fmo_v4_standard_geometry/targets/CDK2/fmo/CDK2_22/run/result.json,0.3529888708428592,1.7511226638963964,runs/fmo87/final_fmo_v4_standard_geometry/targets/CDK2/minimized/CDK2_22/minimization.json,4.777500000000003
CDK2,31,vendor/public_binding_free_energy_benchmark/fep_benchmark_inputs/structure_inputs/jacs_set/cdk2_ligands.sdf,vendor/public_binding_free_energy_benchmark/fep_benchmark_inputs/structure_inputs/jacs_set/cdk2_protein.pdb,A,C[S@](=O)c1ccc(Nc2nc(OCC3CCCCC3)c3nc[nH]c3n2)cc1,0,-9.54,1,unique_canonical_smiles,CDK2_31,SUCCEEDED,-75.67399999999999,34.04945597052574,runs/fmo87/final_fmo_v4_standard_geometry/targets/CDK2/fmo/CDK2_31/run/result.json,0.3375633748389331,1.7018773154646494,runs/fmo87/final_fmo_v4_standard_geometry/targets/CDK2/minimized/CDK2_31/minimization.json,3.793000000000002
CDK2,1h1r,vendor/public_binding_free_energy_benchmark/fep_benchmark_inputs/structure_inputs/jacs_set/cdk2_ligands.sdf,vendor/public_binding_free_energy_benchmark/fep_benchmark_inputs/structure_inputs/jacs_set/cdk2_protein.pdb,A,Clc1cccc(Nc2nc(OCC3CCCCC3)c3nc[nH]c3n2)c1,0,-7.67,1,unique_canonical_smiles,CDK2_1h1r,SUCCEEDED,-71.112,34.311414271593094,runs/fmo87/final_fmo_v4_standard_geometry/targets/CDK2/fmo/CDK2_1h1r/run/result.json,0.0839009242548275,0.2199065090410133,runs/fmo87/final_fmo_v4_standard_geometry/targets/CDK2/minimized/CDK2_1h1r/minimization.json,4.709000000000003
CDK2,1oiy,vendor/public_binding_free_energy_benchmark/fep_benchmark_inputs/structure_inputs/jacs_set/cdk2_ligands.sdf,vendor/public_binding_free_energy_benchmark/fep_benchmark_inputs/structure_inputs/jacs_set/cdk2_protein.pdb,A,NC(=O)c1ccc(Nc2nc(OCC3CCCCC3)c3nc[nH]c3n2)cc1,0,-9.79,1,unique_canonical_smiles,CDK2_1oiy,SUCCEEDED,-75.11,36.63322248309851,runs/fmo87/final_fmo_v4_standard_geometry/targets/CDK2/fmo/CDK2_1oiy/run/result.json,0.0831075082892488,0.2037193081196032,runs/fmo87/final_fmo_v4_standard_geometry/targets/CDK2/minimized/CDK2_1oiy/minimization.json,3.1545000000000014
CDK2,1h1s,vendor/public_binding_free_energy_benchmark/fep_benchmark_inputs/structure_inputs/jacs_set/cdk2_ligands.sdf,vendor/public_binding_free_energy_benchmark/fep_benchmark_inputs/structure_inputs/jacs_set/cdk2_protein.pdb,A,NS(=O)(=O)c1ccc(Nc2nc(OCC3CCCCC3)c3nc[nH]c3n2)cc1,0,-11.25,1,unique_canonical_smiles,CDK2_1h1s,SUCCEEDED,-97.275,34.26933551952243,runs/fmo87/final_fmo_v4_standard_geometry/targets/CDK2/fmo/CDK2_1h1s/run/result.json,0.0851403819024907,0.1989850109469924,runs/fmo87/final_fmo_v4_standard_geometry/targets/CDK2/minimized/CDK2_1h1s/minimization.json,2.7030000000000003
CDK2,1oiu,vendor/public_binding_free_energy_benchmark/fep_benchmark_inputs/structure_inputs/jacs_set/cdk2_ligands.sdf,vendor/public_binding_free_energy_benchmark/fep_benchmark_inputs/structure_inputs/jacs_set/cdk2_protein.pdb,A,NS(=O)(=O)c1cccc(Nc2nc(OCC3CCCCC3)c3nc[nH]c3n2)c1,0,-9.08,1,unique_canonical_smiles,CDK2_1oiu,SUCCEEDED,-90.392,36.36878518387675,runs/fmo87/final_fmo_v4_standard_geometry/targets/CDK2/fmo/CDK2_1oiu/run/result.json,0.0858560150319685,0.2024393469039428,runs/fmo87/final_fmo_v4_standard_geometry/targets/CDK2/minimized/CDK2_1oiu/minimization.json,2.7030000000000003
CDK2,20,vendor/public_binding_free_energy_benchmark/fep_benchmark_inputs/structure_inputs/jacs_set/cdk2_ligands.sdf,vendor/public_binding_free_energy_benchmark/fep_benchmark_inputs/structure_inputs/jacs_set/cdk2_protein.pdb,A,OCc1cccc(Nc2nc(OCC3CCCCC3)c3nc[nH]c3n2)c1,0,-8.72,1,unique_canonical_smiles,CDK2_20,SUCCEEDED,-85.67699999999999,34.16575536876917,runs/fmo87/final_fmo_v4_standard_geometry/targets/CDK2/fmo/CDK2_20/run/result.json,0.0857895293698923,0.2129990346816103,runs/fmo87/final_fmo_v4_standard_geometry/targets/CDK2/minimized/CDK2_20/minimization.json,3.547900000000001
CDK2,1oi9,vendor/public_binding_free_energy_benchmark/fep_benchmark_inputs/structure_inputs/jacs_set/cdk2_ligands.sdf,vendor/public_binding_free_energy_benchmark/fep_benchmark_inputs/structure_inputs/jacs_set/cdk2_protein.pdb,A,Oc1ccc(Nc2nc(OCC3CCCCC3)c3nc[nH]c3n2)cc1,0,-9.74,1,unique_canonical_smiles,CDK2_1oi9,SUCCEEDED,-74.764,32.692988984286785,runs/fmo87/final_fmo_v4_standard_geometry/targets/CDK2/fmo/CDK2_1oi9/run/result.json,0.0806318340565054,0.2055389420793813,runs/fmo87/final_fmo_v4_standard_geometry/targets/CDK2/minimized/CDK2_1oi9/minimization.json,3.7612000000000014
CDK2,1h1q,vendor/public_binding_free_energy_benchmark/fep_benchmark_inputs/structure_inputs/jacs_set/cdk2_ligands.sdf,vendor/public_binding_free_energy_benchmark/fep_benchmark_inputs/structure_inputs/jacs_set/cdk2_protein.pdb,A,c1ccc(Nc2nc(OCC3CCCCC3)c3nc[nH]c3n2)cc1,0,-8.18,1,unique_canonical_smiles,CDK2_1h1q,SUCCEEDED,-66.918,34.08151812106371,runs/fmo87/final_fmo_v4_standard_geometry/targets/CDK2/fmo/CDK2_1h1q/run/result.json,0.0821126591534181,0.2043209992545446,runs/fmo87/final_fmo_v4_standard_geometry/targets/CDK2/minimized/CDK2_1h1q/minimization.json,4.055600000000003
JNK1,18636-1,vendor/public_binding_free_energy_benchmark/fep_benchmark_inputs/structure_inputs/jacs_set/jnk1_manual_flips_ligands.sdf,vendor/public_binding_free_energy_benchmark/fep_benchmark_inputs/structure_inputs/jacs_set/jnk1_manual_flips_protein.pdb,A,CCOc1nc(NC(=O)Cc2cc(Br)ccc2Br)cc(N)c1C#N,0,-7.51,2,unique_canonical_smiles_prefer_non_flip,JNK1_18636-1,SUCCEEDED,-76.181,28.87038566544652,runs/fmo87/final_fmo_v4_standard_geometry/targets/JNK1/fmo/JNK1_18636-1/run/result.json,0.0413658480117043,0.1034140186697878,runs/fmo87/final_fmo_v4_standard_geometry/targets/JNK1/minimized/JNK1_18636-1/minimization.json,3.640380000000001
JNK1,18635-1,vendor/public_binding_free_energy_benchmark/fep_benchmark_inputs/structure_inputs/jacs_set/jnk1_manual_flips_ligands.sdf,vendor/public_binding_free_energy_benchmark/fep_benchmark_inputs/structure_inputs/jacs_set/jnk1_manual_flips_protein.pdb,A,CCOc1nc(NC(=O)Cc2cc(C)ccc2C)cc(N)c1C#N,0,-7.29,2,unique_canonical_smiles_prefer_non_flip,JNK1_18635-1,SUCCEEDED,-77.548,29.12917000427842,runs/fmo87/final_fmo_v4_standard_geometry/targets/JNK1/fmo/JNK1_18635-1/run/result.json,0.035538974234867,0.1213218883381302,runs/fmo87/final_fmo_v4_standard_geometry/targets/JNK1/minimized/JNK1_18635-1/minimization.json,2.73222
JNK1,17124-1,vendor/public_binding_free_energy_benchmark/fep_benchmark_inputs/structure_inputs/jacs_set/jnk1_manual_flips_ligands.sdf,vendor/public_binding_free_energy_benchmark/fep_benchmark_inputs/structure_inputs/jacs_set/jnk1_manual_flips_protein.pdb,A,CCOc1nc(NC(=O)Cc2cc(OC)c(Br)cc2OC)cc(N)c1C#N,0,-9.68,2,unique_canonical_smiles_prefer_non_flip,JNK1_17124-1,SUCCEEDED,-81.861,32.38850098103285,runs/fmo87/final_fmo_v4_standard_geometry/targets/JNK1/fmo/JNK1_17124-1/run/result.json,0.0425667555656289,0.1123914182505858,runs/fmo87/final_fmo_v4_standard_geometry/targets/JNK1/minimized/JNK1_17124-1/minimization.json,2.89508
JNK1,18637-1,vendor/public_binding_free_energy_benchmark/fep_benchmark_inputs/structure_inputs/jacs_set/jnk1_manual_flips_ligands.sdf,vendor/public_binding_free_energy_benchmark/fep_benchmark_inputs/structure_inputs/jacs_set/jnk1_manual_flips_protein.pdb,A,CCOc1nc(NC(=O)Cc2cc(OC)c(NC(C)=O)cc2OC)cc(N)c1C#N,0,-10.14,2,unique_canonical_smiles_prefer_non_flip,JNK1_18637-1,SUCCEEDED,-76.934,36.36123403161764,runs/fmo87/final_fmo_v4_standard_geometry/targets/JNK1/fmo/JNK1_18637-1/run/result.json,0.0459513102046367,0.1394693631197139,runs/fmo87/final_fmo_v4_standard_geometry/targets/JNK1/minimized/JNK1_18637-1/minimization.json,2.09098
JNK1,18638-1,vendor/public_binding_free_energy_benchmark/fep_benchmark_inputs/structure_inputs/jacs_set/jnk1_manual_flips_ligands.sdf,vendor/public_binding_free_energy_benchmark/fep_benchmark_inputs/structure_inputs/jacs_set/jnk1_manual_flips_protein.pdb,A,CCOc1nc(NC(=O)Cc2cc(OC)c(S(C)(=O)=O)cc2OC)cc(N)c1C#N,0,-10.09,2,unique_canonical_smiles_prefer_non_flip,JNK1_18638-1,SUCCEEDED,-79.85,34.910816602408886,runs/fmo87/final_fmo_v4_standard_geometry/targets/JNK1/fmo/JNK1_18638-1/run/result.json,0.0402498712076475,0.092968204146179,runs/fmo87/final_fmo_v4_standard_geometry/targets/JNK1/minimized/JNK1_18638-1/minimization.json,1.5360799999999997
JNK1,18639-1,vendor/public_binding_free_energy_benchmark/fep_benchmark_inputs/structure_inputs/jacs_set/jnk1_manual_flips_ligands.sdf,vendor/public_binding_free_energy_benchmark/fep_benchmark_inputs/structure_inputs/jacs_set/jnk1_manual_flips_protein.pdb,A,CCOc1nc(NC(=O)Cc2cc(OC)c([N+](=O)[O-])cc2OC)cc(N)c1C#N,0,-9.74,2,unique_canonical_smiles_prefer_non_flip,JNK1_18639-1,SUCCEEDED,-81.203,30.73896011710167,runs/fmo87/final_fmo_v4_standard_geometry/targets/JNK1/fmo/JNK1_18639-1/run/result.json,0.04067653749928,0.0883491933276832,runs/fmo87/final_fmo_v4_standard_geometry/targets/JNK1/minimized/JNK1_18639-1/minimization.json,2.04078
JNK1,18634-1,vendor/public_binding_free_energy_benchmark/fep_benchmark_inputs/structure_inputs/jacs_set/jnk1_manual_flips_ligands.sdf,vendor/public_binding_free_energy_benchmark/fep_benchmark_inputs/structure_inputs/jacs_set/jnk1_manual_flips_protein.pdb,A,CCOc1nc(NC(=O)Cc2cc(OC)ccc2OC)cc(N)c1C#N,0,-9.99,2,unique_canonical_smiles_prefer_non_flip,JNK1_18634-1,SUCCEEDED,-71.305,28.90202772244811,runs/fmo87/final_fmo_v4_standard_geometry/targets/JNK1/fmo/JNK1_18634-1/run/result.json,0.0372442275977282,0.084435741854505,runs/fmo87/final_fmo_v4_standard_geometry/targets/JNK1/minimized/JNK1_18634-1/minimization.json,2.13258
JNK1,18630-1,vendor/public_binding_free_energy_benchmark/fep_benchmark_inputs/structure_inputs/jacs_set/jnk1_manual_flips_ligands.sdf,vendor/public_binding_free_energy_benchmark/fep_benchmark_inputs/structure_inputs/jacs_set/jnk1_manual_flips_protein.pdb,A,CCOc1nc(NC(=O)Cc2ccc(C)cc2)cc(N)c1C#N,0,-9.14,1,unique_canonical_smiles,JNK1_18630-1,SUCCEEDED,-67.513,26.44028988853097,runs/fmo87/final_fmo_v4_standard_geometry/targets/JNK1/fmo/JNK1_18630-1/run/result.json,0.0376729384566666,0.1130052235001014,runs/fmo87/final_fmo_v4_standard_geometry/targets/JNK1/minimized/JNK1_18630-1/minimization.json,2.4238
JNK1,18627-1,vendor/public_binding_free_energy_benchmark/fep_benchmark_inputs/structure_inputs/jacs_set/jnk1_manual_flips_ligands.sdf,vendor/public_binding_free_energy_benchmark/fep_benchmark_inputs/structure_inputs/jacs_set/jnk1_manual_flips_protein.pdb,A,CCOc1nc(NC(=O)Cc2ccc(Cl)cc2)cc(N)c1C#N,0,-8.48,1,unique_canonical_smiles,JNK1_18627-1,SUCCEEDED,-74.04,28.342091668397188,runs/fmo87/final_fmo_v4_standard_geometry/targets/JNK1/fmo/JNK1_18627-1/run/result.json,0.0405641376123079,0.1058074920592953,runs/fmo87/final_fmo_v4_standard_geometry/targets/JNK1/minimized/JNK1_18627-1/minimization.json,2.7687800000000005
JNK1,18633-1,vendor/public_binding_free_energy_benchmark/fep_benchmark_inputs/structure_inputs/jacs_set/jnk1_manual_flips_ligands.sdf,vendor/public_binding_free_energy_benchmark/fep_benchmark_inputs/structure_inputs/jacs_set/jnk1_manual_flips_protein.pdb,A,CCOc1nc(NC(=O)Cc2ccc(OC)cc2)cc(N)c1C#N,0,-9.17,1,unique_canonical_smiles,JNK1_18633-1,SUCCEEDED,-64.721,26.23140467330813,runs/fmo87/final_fmo_v4_standard_geometry/targets/JNK1/fmo/JNK1_18633-1/run/result.json,0.0416550291832971,0.1175819258276337,runs/fmo87/final_fmo_v4_standard_geometry/targets/JNK1/minimized/JNK1_18633-1/minimization.json,2.12398
JNK1,18629-1,vendor/public_binding_free_energy_benchmark/fep_benchmark_inputs/structure_inputs/jacs_set/jnk1_manual_flips_ligands.sdf,vendor/public_binding_free_energy_benchmark/fep_benchmark_inputs/structure_inputs/jacs_set/jnk1_manual_flips_protein.pdb,A,CCOc1nc(NC(=O)Cc2cccc(C)c2)cc(N)c1C#N,0,-8.67,2,unique_canonical_smiles_prefer_non_flip,JNK1_18629-1,SUCCEEDED,-71.668,28.15188230201602,runs/fmo87/final_fmo_v4_standard_geometry/targets/JNK1/fmo/JNK1_18629-1/run/result.json,0.0404926631954447,0.1158407670230129,runs/fmo87/final_fmo_v4_standard_geometry/targets/JNK1/minimized/JNK1_18629-1/minimization.json,2.4238
JNK1,18626-1,vendor/public_binding_free_energy_benchmark/fep_benchmark_inputs/structure_inputs/jacs_set/jnk1_manual_flips_ligands.sdf,vendor/public_binding_free_energy_benchmark/fep_benchmark_inputs/structure_inputs/jacs_set/jnk1_manual_flips_protein.pdb,A,CCOc1nc(NC(=O)Cc2cccc(Cl)c2)cc(N)c1C#N,0,-8.87,2,unique_canonical_smiles_prefer_non_flip,JNK1_18626-1,SUCCEEDED,-72.798,28.10552590712905,runs/fmo87/final_fmo_v4_standard_geometry/targets/JNK1/fmo/JNK1_18626-1/run/result.json,0.040135479641635,0.0902948858848323,runs/fmo87/final_fmo_v4_standard_geometry/targets/JNK1/minimized/JNK1_18626-1/minimization.json,2.7687800000000005
JNK1,18632-1,vendor/public_binding_free_energy_benchmark/fep_benchmark_inputs/structure_inputs/jacs_set/jnk1_manual_flips_ligands.sdf,vendor/public_binding_free_energy_benchmark/fep_benchmark_inputs/structure_inputs/jacs_set/jnk1_manual_flips_protein.pdb,A,CCOc1nc(NC(=O)Cc2cccc(OC)c2)cc(N)c1C#N,0,-9.08,2,unique_canonical_smiles_prefer_non_flip,JNK1_18632-1,SUCCEEDED,-72.307,25.751759827136997,runs/fmo87/final_fmo_v4_standard_geometry/targets/JNK1/fmo/JNK1_18632-1/run/result.json,0.0389769531056903,0.0949168785024076,runs/fmo87/final_fmo_v4_standard_geometry/targets/JNK1/minimized/JNK1_18632-1/minimization.json,2.12398
JNK1,18624-1,vendor/public_binding_free_energy_benchmark/fep_benchmark_inputs/structure_inputs/jacs_set/jnk1_manual_flips_ligands.sdf,vendor/public_binding_free_energy_benchmark/fep_benchmark_inputs/structure_inputs/jacs_set/jnk1_manual_flips_protein.pdb,A,CCOc1nc(NC(=O)Cc2ccccc2)cc(N)c1C#N,0,-8.49,1,unique_canonical_smiles,JNK1_18624-1,SUCCEEDED,-68.48,24.405869640409943,runs/fmo87/final_fmo_v4_standard_geometry/targets/JNK1/fmo/JNK1_18624-1/run/result.json,0.0378291493112657,0.1105994960019795,runs/fmo87/final_fmo_v4_standard_geometry/targets/JNK1/minimized/JNK1_18624-1/minimization.json,2.11538
JNK1,18628-1,vendor/public_binding_free_energy_benchmark/fep_benchmark_inputs/structure_inputs/jacs_set/jnk1_manual_flips_ligands.sdf,vendor/public_binding_free_energy_benchmark/fep_benchmark_inputs/structure_inputs/jacs_set/jnk1_manual_flips_protein.pdb,A,CCOc1nc(NC(=O)Cc2ccccc2C)cc(N)c1C#N,0,-8.7,2,unique_canonical_smiles_prefer_non_flip,JNK1_18628-1,SUCCEEDED,-64.227,31.15331532433629,runs/fmo87/final_fmo_v4_standard_geometry/targets/JNK1/fmo/JNK1_18628-1/run/result.json,0.0471952116958096,0.1130847088356445,runs/fmo87/final_fmo_v4_standard_geometry/targets/JNK1/minimized/JNK1_18628-1/minimization.json,2.4238
JNK1,18625-1,vendor/public_binding_free_energy_benchmark/fep_benchmark_inputs/structure_inputs/jacs_set/jnk1_manual_flips_ligands.sdf,vendor/public_binding_free_energy_benchmark/fep_benchmark_inputs/structure_inputs/jacs_set/jnk1_manual_flips_protein.pdb,A,CCOc1nc(NC(=O)Cc2ccccc2Cl)cc(N)c1C#N,0,-8.11,2,unique_canonical_smiles_prefer_non_flip,JNK1_18625-1,SUCCEEDED,-68.946,25.241250410676003,runs/fmo87/final_fmo_v4_standard_geometry/targets/JNK1/fmo/JNK1_18625-1/run/result.json,0.0408359009573814,0.1129904467138444,runs/fmo87/final_fmo_v4_standard_geometry/targets/JNK1/minimized/JNK1_18625-1/minimization.json,2.7687800000000005
JNK1,18631-1,vendor/public_binding_free_energy_benchmark/fep_benchmark_inputs/structure_inputs/jacs_set/jnk1_manual_flips_ligands.sdf,vendor/public_binding_free_energy_benchmark/fep_benchmark_inputs/structure_inputs/jacs_set/jnk1_manual_flips_protein.pdb,A,CCOc1nc(NC(=O)Cc2ccccc2OC)cc(N)c1C#N,0,-9.41,2,unique_canonical_smiles_prefer_non_flip,JNK1_18631-1,SUCCEEDED,-70.627,28.349745359271765,runs/fmo87/final_fmo_v4_standard_geometry/targets/JNK1/fmo/JNK1_18631-1/run/result.json,0.0373192190172579,0.0931574702834994,runs/fmo87/final_fmo_v4_standard_geometry/targets/JNK1/minimized/JNK1_18631-1/minimization.json,2.12398
JNK1,18659-1,vendor/public_binding_free_energy_benchmark/fep_benchmark_inputs/structure_inputs/jacs_set/jnk1_manual_flips_ligands.sdf,vendor/public_binding_free_energy_benchmark/fep_benchmark_inputs/structure_inputs/jacs_set/jnk1_manual_flips_protein.pdb,A,COCCOc1nc(NC(=O)Cc2cc(OC)ccc2OC)cc(N)c1C#N,0,-9.47,2,unique_canonical_smiles_prefer_non_flip,JNK1_18659-1,SUCCEEDED,-83.667,32.4110289812088,runs/fmo87/final_fmo_v4_standard_geometry/targets/JNK1/fmo/JNK1_18659-1/run/result.json,0.0426643050284183,0.1083707917607448,runs/fmo87/final_fmo_v4_standard_geometry/targets/JNK1/minimized/JNK1_18659-1/minimization.json,1.75908
JNK1,18652-1,vendor/public_binding_free_energy_benchmark/fep_benchmark_inputs/structure_inputs/jacs_set/jnk1_manual_flips_ligands.sdf,vendor/public_binding_free_energy_benchmark/fep_benchmark_inputs/structure_inputs/jacs_set/jnk1_manual_flips_protein.pdb,A,COc1cc(S(C)(=O)=O)c(OC)cc1CC(=O)Nc1cc(N)c(C#N)c(OC(C)C)n1,0,-10.68,2,unique_canonical_smiles_prefer_non_flip,JNK1_18652-1,SUCCEEDED,-85.907,31.25911246612668,runs/fmo87/final_fmo_v4_standard_geometry/targets/JNK1/fmo/JNK1_18652-1/run/result.json,0.0419952812709564,0.0959782749972683,runs/fmo87/final_fmo_v4_standard_geometry/targets/JNK1/minimized/JNK1_18652-1/minimization.json,1.92458
JNK1,18658-1,vendor/public_binding_free_energy_benchmark/fep_benchmark_inputs/structure_inputs/jacs_set/jnk1_manual_flips_ligands.sdf,vendor/public_binding_free_energy_benchmark/fep_benchmark_inputs/structure_inputs/jacs_set/jnk1_manual_flips_protein.pdb,A,COc1ccc(OC)c(CC(=O)Nc2cc(N)c(C#N)c(OCCO)n2)c1,0,-9.7,2,unique_canonical_smiles_prefer_non_flip,JNK1_18658-1,SUCCEEDED,-89.65899999999999,27.7356498837471,runs/fmo87/final_fmo_v4_standard_geometry/targets/JNK1/fmo/JNK1_18658-1/run/result.json,0.0431015219076193,0.1227446259272833,runs/fmo87/final_fmo_v4_standard_geometry/targets/JNK1/minimized/JNK1_18658-1/minimization.json,1.10498
JNK1,18660-1,vendor/public_binding_free_energy_benchmark/fep_benchmark_inputs/structure_inputs/jacs_set/jnk1_manual_flips_ligands.sdf,vendor/public_binding_free_energy_benchmark/fep_benchmark_inputs/structure_inputs/jacs_set/jnk1_manual_flips_protein.pdb,A,COc1ccc(OC)c(CC(=O)Nc2cc(N)c(C#N)c(OCCS(C)(=O)=O)n2)c1,0,-8.7,2,unique_canonical_smiles_prefer_non_flip,JNK1_18660-1,SUCCEEDED,-86.908,33.79193211346865,runs/fmo87/final_fmo_v4_standard_geometry/targets/JNK1/fmo/JNK1_18660-1/run/result.json,0.0385405983127503,0.0882599445550433,runs/fmo87/final_fmo_v4_standard_geometry/targets/JNK1/minimized/JNK1_18660-1/minimization.json,1.15728
P38,2ee,vendor/public_binding_free_energy_benchmark/fep_benchmark_inputs/structure_inputs/jacs_set/p38_ligands.sdf,vendor/public_binding_free_energy_benchmark/fep_benchmark_inputs/structure_inputs/jacs_set/p38_protein.pdb,C,CC(=O)N1CCC(Nc2ncc3cc(Oc4ccc(F)cc4F)c(=O)n(C)c3n2)CC1,0,-12.26,1,unique_canonical_smiles,P38_2ee,SUCCEEDED,-100.025,54.31091102212668,runs/fmo87/final_fmo_v4_standard_geometry/targets/P38/fmo/P38_2ee/run/result.json,0.048813007337883,0.1366960504557168,runs/fmo87/final_fmo_v4_standard_geometry/targets/P38/minimized/P38_2ee/minimization.json,2.8218000000000014
P38,2r,vendor/public_binding_free_energy_benchmark/fep_benchmark_inputs/structure_inputs/jacs_set/p38_ligands.sdf,vendor/public_binding_free_energy_benchmark/fep_benchmark_inputs/structure_inputs/jacs_set/p38_protein.pdb,C,CC(C)(O)Cn1c(=O)c(Oc2ccc(F)cc2F)cc2cnc(NC3CCOCC3)nc21,0,-10.79,1,unique_canonical_smiles,P38_2r,SUCCEEDED,-93.288,54.72642610222101,runs/fmo87/final_fmo_v4_standard_geometry/targets/P38/fmo/P38_2r/run/result.json,0.0484661949272993,0.1781725490756543,runs/fmo87/final_fmo_v4_standard_geometry/targets/P38/minimized/P38_2r/minimization.json,3.2238000000000016
P38,3fly,vendor/public_binding_free_energy_benchmark/fep_benchmark_inputs/structure_inputs/jacs_set/p38_ligands.sdf,vendor/public_binding_free_energy_benchmark/fep_benchmark_inputs/structure_inputs/jacs_set/p38_protein.pdb,C,CC(C)Nc1ncc2cc(Oc3ccc(F)cc3F)c(=O)n(C)c2n1,0,-11.42,1,unique_canonical_smiles,P38_3fly,SUCCEEDED,-84.477,45.02729473635554,runs/fmo87/final_fmo_v4_standard_geometry/targets/P38/fmo/P38_3fly/run/result.json,0.0487643311019762,0.1327827280662508,runs/fmo87/final_fmo_v4_standard_geometry/targets/P38/minimized/P38_3fly/minimization.json,3.2193000000000014
P38,2l,vendor/public_binding_free_energy_benchmark/fep_benchmark_inputs/structure_inputs/jacs_set/p38_ligands.sdf,vendor/public_binding_free_energy_benchmark/fep_benchmark_inputs/structure_inputs/jacs_set/p38_protein.pdb,C,CCn1c(=O)c(Oc2ccc(F)cc2F)cc2cnc(NC3CCOCC3)nc21,0,-12.26,1,unique_canonical_smiles,P38_2l,SUCCEEDED,-93.155,53.37295423820615,runs/fmo87/final_fmo_v4_standard_geometry/targets/P38/fmo/P38_2l/run/result.json,0.0472403086996511,0.1384645127670905,runs/fmo87/final_fmo_v4_standard_geometry/targets/P38/minimized/P38_2l/minimization.json,3.472800000000002
P38,2v,vendor/public_binding_free_energy_benchmark/fep_benchmark_inputs/structure_inputs/jacs_set/p38_ligands.sdf,vendor/public_binding_free_energy_benchmark/fep_benchmark_inputs/structure_inputs/jacs_set/p38_protein.pdb,C,CNc1ncc2cc(Oc3ccc(F)cc3F)c(=O)n(C)c2n1,0,-8.97,1,unique_canonical_smiles,P38_2v,SUCCEEDED,-69.018,39.74784891307354,runs/fmo87/final_fmo_v4_standard_geometry/targets/P38/fmo/P38_2v/run/result.json,0.049791401577893,0.1280636493793276,runs/fmo87/final_fmo_v4_standard_geometry/targets/P38/minimized/P38_2v/minimization.json,2.4407000000000005
P38,2p,vendor/public_binding_free_energy_benchmark/fep_benchmark_inputs/structure_inputs/jacs_set/p38_ligands.sdf,vendor/public_binding_free_energy_benchmark/fep_benchmark_inputs/structure_inputs/jacs_set/p38_protein.pdb,C,CS(=O)(=O)CCCn1c(=O)c(Oc2ccc(F)cc2F)cc2cnc(NC3CCOCC3)nc21,0,-11.2,1,unique_canonical_smiles,P38_2p,SUCCEEDED,-116.47,60.12854375690222,runs/fmo87/final_fmo_v4_standard_geometry/targets/P38/fmo/P38_2p/run/result.json,0.0487503612774351,0.1581008086108414,runs/fmo87/final_fmo_v4_standard_geometry/targets/P38/minimized/P38_2p/minimization.json,2.8876000000000017
P38,2o,vendor/public_binding_free_energy_benchmark/fep_benchmark_inputs/structure_inputs/jacs_set/p38_ligands.sdf,vendor/public_binding_free_energy_benchmark/fep_benchmark_inputs/structure_inputs/jacs_set/p38_protein.pdb,C,CS(=O)(=O)CCn1c(=O)c(Oc2ccc(F)cc2F)cc2cnc(NC3CCOCC3)nc21,0,-10.49,1,unique_canonical_smiles,P38_2o,SUCCEEDED,-107.375,59.027473498135805,runs/fmo87/final_fmo_v4_standard_geometry/targets/P38/fmo/P38_2o/run/result.json,0.0501714626871643,0.1147071920090651,runs/fmo87/final_fmo_v4_standard_geometry/targets/P38/minimized/P38_2o/minimization.json,2.4975
P38,2u,vendor/public_binding_free_energy_benchmark/fep_benchmark_inputs/structure_inputs/jacs_set/p38_ligands.sdf,vendor/public_binding_free_energy_benchmark/fep_benchmark_inputs/structure_inputs/jacs_set/p38_protein.pdb,C,CS(=O)(=O)N1CCC(n2c(=O)c(Oc3ccc(F)cc3F)cc3cnc(NC4CCOCC4)nc32)CC1,0,-12.26,1,unique_canonical_smiles,P38_2u,SUCCEEDED,-123.379,61.45570893958211,runs/fmo87/final_fmo_v4_standard_geometry/targets/P38/fmo/P38_2u/run/result.json,0.0494167429855341,0.1203865311225564,runs/fmo87/final_fmo_v4_standard_geometry/targets/P38/minimized/P38_2u/minimization.json,3.049400000000001
P38,3flq,vendor/public_binding_free_energy_benchmark/fep_benchmark_inputs/structure_inputs/jacs_set/p38_ligands.sdf,vendor/public_binding_free_energy_benchmark/fep_benchmark_inputs/structure_inputs/jacs_set/p38_protein.pdb,C,C[C@@H](CS(C)(=O)=O)Nc1ncc2cc(Oc3ccc(F)cc3F)c(=O)n(C)c2n1,0,-9.93,1,unique_canonical_smiles,P38_3flq,SUCCEEDED,-97.496,50.453290551900864,runs/fmo87/final_fmo_v4_standard_geometry/targets/P38/fmo/P38_3flq/run/result.json,0.0476751708586425,0.1551243276451118,runs/fmo87/final_fmo_v4_standard_geometry/targets/P38/minimized/P38_3flq/minimization.json,2.244
P38,3fmk,vendor/public_binding_free_energy_benchmark/fep_benchmark_inputs/structure_inputs/jacs_set/p38_ligands.sdf,vendor/public_binding_free_energy_benchmark/fep_benchmark_inputs/structure_inputs/jacs_set/p38_protein.pdb,C,C[C@@H](Cn1ncnn1)Nc1ncc2cc(Oc3ccc(F)cc3F)c(=O)n(C)c2n1,0,-11.83,1,unique_canonical_smiles,P38_3fmk,SUCCEEDED,-94.49,48.42842238396406,runs/fmo87/final_fmo_v4_standard_geometry/targets/P38/fmo/P38_3fmk/run/result.json,0.0528598394239738,0.1519488359173168,runs/fmo87/final_fmo_v4_standard_geometry/targets/P38/minimized/P38_3fmk/minimization.json,1.8860999999999997
P38,3fmh,vendor/public_binding_free_energy_benchmark/fep_benchmark_inputs/structure_inputs/jacs_set/p38_ligands.sdf,vendor/public_binding_free_energy_benchmark/fep_benchmark_inputs/structure_inputs/jacs_set/p38_protein.pdb,C,C[C@H](Cn1ncnn1)Nc1ncc2cc(Oc3ccc(F)cc3F)c(=O)n(C)c2n1,0,-10.83,1,unique_canonical_smiles,P38_3fmh,SUCCEEDED,-85.756,44.03040432557464,runs/fmo87/final_fmo_v4_standard_geometry/targets/P38/fmo/P38_3fmh/run/result.json,0.0507127103090458,0.1293649169506084,runs/fmo87/final_fmo_v4_standard_geometry/targets/P38/minimized/P38_3fmh/minimization.json,1.8860999999999997
P38,2c,vendor/public_binding_free_energy_benchmark/fep_benchmark_inputs/structure_inputs/jacs_set/p38_ligands.sdf,vendor/public_binding_free_energy_benchmark/fep_benchmark_inputs/structure_inputs/jacs_set/p38_protein.pdb,C,Cn1c(=O)c(-c2ccccc2Cl)cc2cnc(NC3CCOCC3)nc21,0,-10.46,1,unique_canonical_smiles,P38_2c,SUCCEEDED,-86.108,41.02681638672948,runs/fmo87/final_fmo_v4_standard_geometry/targets/P38/fmo/P38_2c/run/result.json,0.0534822093455517,0.1602493773175596,runs/fmo87/final_fmo_v4_standard_geometry/targets/P38/minimized/P38_2c/minimization.json,3.2398000000000016
P38,2j,vendor/public_binding_free_energy_benchmark/fep_benchmark_inputs/structure_inputs/jacs_set/p38_ligands.sdf,vendor/public_binding_free_energy_benchmark/fep_benchmark_inputs/structure_inputs/jacs_set/p38_protein.pdb,C,Cn1c(=O)c(Cc2ccc(F)cc2F)cc2cnc(NC3CCOCC3)nc21,0,-10.08,1,unique_canonical_smiles,P38_2j,SUCCEEDED,-97.911,49.70954231917858,runs/fmo87/final_fmo_v4_standard_geometry/targets/P38/fmo/P38_2j/run/result.json,0.0522246797684004,0.216268526891689,runs/fmo87/final_fmo_v4_standard_geometry/targets/P38/minimized/P38_2j/minimization.json,2.788400000000001
P38,2i,vendor/public_binding_free_energy_benchmark/fep_benchmark_inputs/structure_inputs/jacs_set/p38_ligands.sdf,vendor/public_binding_free_energy_benchmark/fep_benchmark_inputs/structure_inputs/jacs_set/p38_protein.pdb,C,Cn1c(=O)c(Cc2ccccc2F)cc2cnc(NC3CCOCC3)nc21,0,-10.05,1,unique_canonical_smiles,P38_2i,SUCCEEDED,-90.316,45.37226777151227,runs/fmo87/final_fmo_v4_standard_geometry/targets/P38/fmo/P38_2i/run/result.json,0.0475062900002122,0.1881711662031023,runs/fmo87/final_fmo_v4_standard_geometry/targets/P38/minimized/P38_2i/minimization.json,2.649300000000001
P38,2e,vendor/public_binding_free_energy_benchmark/fep_benchmark_inputs/structure_inputs/jacs_set/p38_ligands.sdf,vendor/public_binding_free_energy_benchmark/fep_benchmark_inputs/structure_inputs/jacs_set/p38_protein.pdb,C,Cn1c(=O)c(Oc2ccc(F)cc2)cc2cnc(NC3CCOCC3)nc21,0,-10.7,1,unique_canonical_smiles,P38_2e,SUCCEEDED,-90.524,49.4188856780529,runs/fmo87/final_fmo_v4_standard_geometry/targets/P38/fmo/P38_2e/run/result.json,0.0484468665699302,0.1455410908945728,runs/fmo87/final_fmo_v4_standard_geometry/targets/P38/minimized/P38_2e/minimization.json,2.8508000000000004
P38,2z,vendor/public_binding_free_energy_benchmark/fep_benchmark_inputs/structure_inputs/jacs_set/p38_ligands.sdf,vendor/public_binding_free_energy_benchmark/fep_benchmark_inputs/structure_inputs/jacs_set/p38_protein.pdb,C,Cn1c(=O)c(Oc2ccc(F)cc2F)cc2cnc(NC(C)(C)CO)nc21,0,-10.36,1,unique_canonical_smiles,P38_2z,SUCCEEDED,-86.091,50.31475460529328,runs/fmo87/final_fmo_v4_standard_geometry/targets/P38/fmo/P38_2z/run/result.json,0.0526878061667955,0.1708202259155658,runs/fmo87/final_fmo_v4_standard_geometry/targets/P38/minimized/P38_2z/minimization.json,2.5818000000000008
P38,3flw,vendor/public_binding_free_energy_benchmark/fep_benchmark_inputs/structure_inputs/jacs_set/p38_ligands.sdf,vendor/public_binding_free_energy_benchmark/fep_benchmark_inputs/structure_inputs/jacs_set/p38_protein.pdb,C,Cn1c(=O)c(Oc2ccc(F)cc2F)cc2cnc(NC(CCO)CCO)nc21,0,-10.68,1,unique_canonical_smiles,P38_3flw,SUCCEEDED,-97.245,51.72760078683496,runs/fmo87/final_fmo_v4_standard_geometry/targets/P38/fmo/P38_3flw/run/result.json,0.0499458608892085,0.1352912563675742,runs/fmo87/final_fmo_v4_standard_geometry/targets/P38/minimized/P38_3flw/minimization.json,1.9443
P38,2aa,vendor/public_binding_free_energy_benchmark/fep_benchmark_inputs/structure_inputs/jacs_set/p38_ligands.sdf,vendor/public_binding_free_energy_benchmark/fep_benchmark_inputs/structure_inputs/jacs_set/p38_protein.pdb,C,Cn1c(=O)c(Oc2ccc(F)cc2F)cc2cnc(NC(CO)CO)nc21,0,-9.27,1,unique_canonical_smiles,P38_2aa,SUCCEEDED,-85.452,49.285997066646814,runs/fmo87/final_fmo_v4_standard_geometry/targets/P38/fmo/P38_2aa/run/result.json,0.0544322042502653,0.1552266552995146,runs/fmo87/final_fmo_v4_standard_geometry/targets/P38/minimized/P38_2aa/minimization.json,1.1640999999999997
P38,3fln,vendor/public_binding_free_energy_benchmark/fep_benchmark_inputs/structure_inputs/jacs_set/p38_ligands.sdf,vendor/public_binding_free_energy_benchmark/fep_benchmark_inputs/structure_inputs/jacs_set/p38_protein.pdb,C,Cn1c(=O)c(Oc2ccc(F)cc2F)cc2cnc(NC3CCOCC3)nc21,0,-10.88,1,unique_canonical_smiles,P38_3fln,SUCCEEDED,-85.887,57.03186647966504,runs/fmo87/final_fmo_v4_standard_geometry/targets/P38/fmo/P38_3fln/run/result.json,0.0459270476775693,0.1386129943098961,runs/fmo87/final_fmo_v4_standard_geometry/targets/P38/minimized/P38_3fln/minimization.json,2.9899000000000013
P38,2gg,vendor/public_binding_free_energy_benchmark/fep_benchmark_inputs/structure_inputs/jacs_set/p38_ligands.sdf,vendor/public_binding_free_energy_benchmark/fep_benchmark_inputs/structure_inputs/jacs_set/p38_protein.pdb,C,Cn1c(=O)c(Oc2ccc(F)cc2F)cc2cnc(NC3CCS(=O)(=O)CC3)nc21,0,-10.66,1,unique_canonical_smiles,P38_2gg,SUCCEEDED,-101.234,50.647550977766514,runs/fmo87/final_fmo_v4_standard_geometry/targets/P38/fmo/P38_2gg/run/result.json,0.0527418469319164,0.138867857393327,runs/fmo87/final_fmo_v4_standard_geometry/targets/P38/minimized/P38_2gg/minimization.json,2.388100000000001
P38,2y,vendor/public_binding_free_energy_benchmark/fep_benchmark_inputs/structure_inputs/jacs_set/p38_ligands.sdf,vendor/public_binding_free_energy_benchmark/fep_benchmark_inputs/structure_inputs/jacs_set/p38_protein.pdb,C,Cn1c(=O)c(Oc2ccc(F)cc2F)cc2cnc(NCC(C)(C)O)nc21,0,-9.78,1,unique_canonical_smiles,P38_2y,SUCCEEDED,-91.196,52.00916411355138,runs/fmo87/final_fmo_v4_standard_geometry/targets/P38/fmo/P38_2y/run/result.json,0.0551114712665494,0.1634400294006907,runs/fmo87/final_fmo_v4_standard_geometry/targets/P38/minimized/P38_2y/minimization.json,2.5818000000000008
P38,2bb,vendor/public_binding_free_energy_benchmark/fep_benchmark_inputs/structure_inputs/jacs_set/p38_ligands.sdf,vendor/public_binding_free_energy_benchmark/fep_benchmark_inputs/structure_inputs/jacs_set/p38_protein.pdb,C,Cn1c(=O)c(Oc2ccc(F)cc2F)cc2cnc(NCCS(C)(=O)=O)nc21,0,-9.06,1,unique_canonical_smiles,P38_2bb,SUCCEEDED,-92.952,49.28410831093788,runs/fmo87/final_fmo_v4_standard_geometry/targets/P38/fmo/P38_2bb/run/result.json,0.0577161879132515,0.1608743369678539,runs/fmo87/final_fmo_v4_standard_geometry/targets/P38/minimized/P38_2bb/minimization.json,1.8555
P38,2x,vendor/public_binding_free_energy_benchmark/fep_benchmark_inputs/structure_inputs/jacs_set/p38_ligands.sdf,vendor/public_binding_free_energy_benchmark/fep_benchmark_inputs/structure_inputs/jacs_set/p38_protein.pdb,C,Cn1c(=O)c(Oc2ccc(F)cc2F)cc2cnc(N[C@H]3CCOC3)nc21,0,-10.23,1,unique_canonical_smiles,P38_2x,SUCCEEDED,-83.443,47.23799715563655,runs/fmo87/final_fmo_v4_standard_geometry/targets/P38/fmo/P38_2x/run/result.json,0.0525169313804792,0.1662677096872788,runs/fmo87/final_fmo_v4_standard_geometry/targets/P38/minimized/P38_2x/minimization.json,2.599800000000001
P38,2ff,vendor/public_binding_free_energy_benchmark/fep_benchmark_inputs/structure_inputs/jacs_set/p38_ligands.sdf,vendor/public_binding_free_energy_benchmark/fep_benchmark_inputs/structure_inputs/jacs_set/p38_protein.pdb,C,Cn1c(=O)c(Oc2ccc(F)cc2F)cc2cnc(N[C@H]3CC[C@H](O)CC3)nc21,0,-11.44,1,unique_canonical_smiles,P38_2ff,SUCCEEDED,-107.253,53.82113438472152,runs/fmo87/final_fmo_v4_standard_geometry/targets/P38/fmo/P38_2ff/run/result.json,0.0519958145194093,0.1436011887202957,runs/fmo87/final_fmo_v4_standard_geometry/targets/P38/minimized/P38_2ff/minimization.json,3.1144000000000016
P38,2f,vendor/public_binding_free_energy_benchmark/fep_benchmark_inputs/structure_inputs/jacs_set/p38_ligands.sdf,vendor/public_binding_free_energy_benchmark/fep_benchmark_inputs/structure_inputs/jacs_set/p38_protein.pdb,C,Cn1c(=O)c(Oc2cccc(F)c2)cc2cnc(NC3CCOCC3)nc21,0,-8.48,1,unique_canonical_smiles,P38_2f,SUCCEEDED,-82.293,46.46790783107281,runs/fmo87/final_fmo_v4_standard_geometry/targets/P38/fmo/P38_2f/run/result.json,0.0460215449174304,0.1266183772786232,runs/fmo87/final_fmo_v4_standard_geometry/targets/P38/minimized/P38_2f/minimization.json,2.8508000000000004
P38,3flz,vendor/public_binding_free_energy_benchmark/fep_benchmark_inputs/structure_inputs/jacs_set/p38_ligands.sdf,vendor/public_binding_free_energy_benchmark/fep_benchmark_inputs/structure_inputs/jacs_set/p38_protein.pdb,C,Cn1c(=O)c(Oc2ccccc2)cc2cnc(NC3CCOCC3)nc21,0,-9.49,1,unique_canonical_smiles,P38_3flz,SUCCEEDED,-91.706,44.219003561884165,runs/fmo87/final_fmo_v4_standard_geometry/targets/P38/fmo/P38_3flz/run/result.json,0.0483313135778776,0.1496749787475596,runs/fmo87/final_fmo_v4_standard_geometry/targets/P38/minimized/P38_3flz/minimization.json,2.7117000000000004
P38,2g,vendor/public_binding_free_energy_benchmark/fep_benchmark_inputs/structure_inputs/jacs_set/p38_ligands.sdf,vendor/public_binding_free_energy_benchmark/fep_benchmark_inputs/structure_inputs/jacs_set/p38_protein.pdb,C,Cn1c(=O)c(Oc2ccccc2F)cc2cnc(NC3CCOCC3)nc21,0,-10.66,1,unique_canonical_smiles,P38_2g,SUCCEEDED,-88.732,46.22887624427676,runs/fmo87/final_fmo_v4_standard_geometry/targets/P38/fmo/P38_2g/run/result.json,0.0460635017721418,0.1350386122306811,runs/fmo87/final_fmo_v4_standard_geometry/targets/P38/minimized/P38_2g/minimization.json,2.8508000000000004
P38,2h,vendor/public_binding_free_energy_benchmark/fep_benchmark_inputs/structure_inputs/jacs_set/p38_ligands.sdf,vendor/public_binding_free_energy_benchmark/fep_benchmark_inputs/structure_inputs/jacs_set/p38_protein.pdb,C,Cn1c(=O)c(Sc2ccccc2F)cc2cnc(NC3CCOCC3)nc21,0,-9.48,1,unique_canonical_smiles,P38_2h,SUCCEEDED,-85.173,43.74656557291746,runs/fmo87/final_fmo_v4_standard_geometry/targets/P38/fmo/P38_2h/run/result.json,0.0500925108211643,0.1636623238558411,runs/fmo87/final_fmo_v4_standard_geometry/targets/P38/minimized/P38_2h/minimization.json,3.2097000000000016
P38,2t,vendor/public_binding_free_energy_benchmark/fep_benchmark_inputs/structure_inputs/jacs_set/p38_ligands.sdf,vendor/public_binding_free_energy_benchmark/fep_benchmark_inputs/structure_inputs/jacs_set/p38_protein.pdb,C,N#CCn1c(=O)c(Oc2ccc(F)cc2F)cc2cnc(NC3CCOCC3)nc21,0,-11.85,1,unique_canonical_smiles,P38_2t,SUCCEEDED,-91.477,52.13986840471625,runs/fmo87/final_fmo_v4_standard_geometry/targets/P38/fmo/P38_2t/run/result.json,0.0495689144541021,0.1418480370976658,runs/fmo87/final_fmo_v4_standard_geometry/targets/P38/minimized/P38_2t/minimization.json,2.9764800000000013
P38,2k,vendor/public_binding_free_energy_benchmark/fep_benchmark_inputs/structure_inputs/jacs_set/p38_ligands.sdf,vendor/public_binding_free_energy_benchmark/fep_benchmark_inputs/structure_inputs/jacs_set/p38_protein.pdb,C,O=c1[nH]c2nc(NC3CCOCC3)ncc2cc1Oc1ccc(F)cc1F,0,-10.55,1,unique_canonical_smiles,P38_2k,SUCCEEDED,-81.222,44.32646928355098,runs/fmo87/final_fmo_v4_standard_geometry/targets/P38/fmo/P38_2k/run/result.json,0.0542076962163681,0.1845001377773756,runs/fmo87/final_fmo_v4_standard_geometry/targets/P38/minimized/P38_2k/minimization.json,2.9795000000000007
P38,2m,vendor/public_binding_free_energy_benchmark/fep_benchmark_inputs/structure_inputs/jacs_set/p38_ligands.sdf,vendor/public_binding_free_energy_benchmark/fep_benchmark_inputs/structure_inputs/jacs_set/p38_protein.pdb,C,O=c1c(Oc2ccc(F)cc2F)cc2cnc(NC3CCOCC3)nc2n1C1CC1,0,-10.96,1,unique_canonical_smiles,P38_2m,SUCCEEDED,-99.226,51.57394319400191,runs/fmo87/final_fmo_v4_standard_geometry/targets/P38/fmo/P38_2m/run/result.json,0.0430964481294211,0.1119743647509871,runs/fmo87/final_fmo_v4_standard_geometry/targets/P38/minimized/P38_2m/minimization.json,3.7878000000000016
P38,2q,vendor/public_binding_free_energy_benchmark/fep_benchmark_inputs/structure_inputs/jacs_set/p38_ligands.sdf,vendor/public_binding_free_energy_benchmark/fep_benchmark_inputs/structure_inputs/jacs_set/p38_protein.pdb,C,O=c1c(Oc2ccc(F)cc2F)cc2cnc(NC3CCOCC3)nc2n1C1CCS(=O)(=O)CC1,0,-12.26,1,unique_canonical_smiles,P38_2q,SUCCEEDED,-126.292,56.5035365819931,runs/fmo87/final_fmo_v4_standard_geometry/targets/P38/fmo/P38_2q/run/result.json,0.0498643616687352,0.1672296025808439,runs/fmo87/final_fmo_v4_standard_geometry/targets/P38/minimized/P38_2q/minimization.json,3.202600000000001
P38,2n,vendor/public_binding_free_energy_benchmark/fep_benchmark_inputs/structure_inputs/jacs_set/p38_ligands.sdf,vendor/public_binding_free_energy_benchmark/fep_benchmark_inputs/structure_inputs/jacs_set/p38_protein.pdb,C,O=c1c(Oc2ccc(F)cc2F)cc2cnc(NC3CCOCC3)nc2n1CCCO,0,-11.85,1,unique_canonical_smiles,P38_2n,SUCCEEDED,-105.218,54.8707019649446,runs/fmo87/final_fmo_v4_standard_geometry/targets/P38/fmo/P38_2n/run/result.json,0.0495078980049265,0.1507263608214316,runs/fmo87/final_fmo_v4_standard_geometry/targets/P38/minimized/P38_2n/minimization.json,2.8353000000000006
P38,2s,vendor/public_binding_free_energy_benchmark/fep_benchmark_inputs/structure_inputs/jacs_set/p38_ligands.sdf,vendor/public_binding_free_energy_benchmark/fep_benchmark_inputs/structure_inputs/jacs_set/p38_protein.pdb,C,O=c1c(Oc2ccc(F)cc2F)cc2cnc(NC3CCOCC3)nc2n1C[C@H](O)CO,0,-11.11,1,unique_canonical_smiles,P38_2s,SUCCEEDED,-126.657,54.00788755342364,runs/fmo87/final_fmo_v4_standard_geometry/targets/P38/fmo/P38_2s/run/result.json,0.0570483880670837,0.1443001765335549,runs/fmo87/final_fmo_v4_standard_geometry/targets/P38/minimized/P38_2s/minimization.json,1.806099999999999
TYK2,ejm_31,vendor/public_binding_free_energy_benchmark/fep_benchmark_inputs/structure_inputs/jacs_set/tyk2_ligands.sdf,vendor/public_binding_free_energy_benchmark/fep_benchmark_inputs/structure_inputs/jacs_set/tyk2_protein.pdb,A,CC(=O)Nc1cc(NC(=O)c2c(Cl)cccc2Cl)ccn1,0,-9.54,1,unique_canonical_smiles,TYK2_ejm_31,SUCCEEDED,-69.761,28.47076653689146,runs/fmo87/final_fmo_v4_standard_geometry/targets/TYK2/fmo/TYK2_ejm_31/run/result.json,0.0655319190672162,0.1593821266645419,runs/fmo87/final_fmo_v4_standard_geometry/targets/TYK2/minimized/TYK2_ejm_31/minimization.json,3.5991000000000017
TYK2,ejm_44,vendor/public_binding_free_energy_benchmark/fep_benchmark_inputs/structure_inputs/jacs_set/tyk2_ligands.sdf,vendor/public_binding_free_energy_benchmark/fep_benchmark_inputs/structure_inputs/jacs_set/tyk2_protein.pdb,A,CC(C)(C)C(=O)Nc1cc(NC(=O)c2c(Cl)cccc2Cl)ccn1,0,-7.42,1,unique_canonical_smiles,TYK2_ejm_44,SUCCEEDED,-71.414,38.41955368593335,runs/fmo87/final_fmo_v4_standard_geometry/targets/TYK2/fmo/TYK2_ejm_44/run/result.json,0.0828476600026461,0.2047567338011059,runs/fmo87/final_fmo_v4_standard_geometry/targets/TYK2/minimized/TYK2_ejm_44/minimization.json,4.625300000000003
TYK2,ejm_43,vendor/public_binding_free_energy_benchmark/fep_benchmark_inputs/structure_inputs/jacs_set/tyk2_ligands.sdf,vendor/public_binding_free_energy_benchmark/fep_benchmark_inputs/structure_inputs/jacs_set/tyk2_protein.pdb,A,CC(C)C(=O)Nc1cc(NC(=O)c2c(Cl)cccc2Cl)ccn1,0,-8.26,1,unique_canonical_smiles,TYK2_ejm_43,SUCCEEDED,-72.434,38.15530564635992,runs/fmo87/final_fmo_v4_standard_geometry/targets/TYK2/fmo/TYK2_ejm_43/run/result.json,0.0690311708687695,0.1383142107135481,runs/fmo87/final_fmo_v4_standard_geometry/targets/TYK2/minimized/TYK2_ejm_43/minimization.json,4.2352000000000025
TYK2,ejm_42,vendor/public_binding_free_energy_benchmark/fep_benchmark_inputs/structure_inputs/jacs_set/tyk2_ligands.sdf,vendor/public_binding_free_energy_benchmark/fep_benchmark_inputs/structure_inputs/jacs_set/tyk2_protein.pdb,A,CCC(=O)Nc1cc(NC(=O)c2c(Cl)cccc2Cl)ccn1,0,-9.78,1,unique_canonical_smiles,TYK2_ejm_42,SUCCEEDED,-73.353,33.38666237518191,runs/fmo87/final_fmo_v4_standard_geometry/targets/TYK2/fmo/TYK2_ejm_42/run/result.json,0.0537069241546014,0.1152182420391046,runs/fmo87/final_fmo_v4_standard_geometry/targets/TYK2/minimized/TYK2_ejm_42/minimization.json,3.989200000000002
TYK2,ejm_54,vendor/public_binding_free_energy_benchmark/fep_benchmark_inputs/structure_inputs/jacs_set/tyk2_ligands.sdf,vendor/public_binding_free_energy_benchmark/fep_benchmark_inputs/structure_inputs/jacs_set/tyk2_protein.pdb,A,CCNC(=O)Nc1cc(NC(=O)c2c(Cl)cccc2Cl)ccn1,0,-10.53,1,unique_canonical_smiles,TYK2_ejm_54,SUCCEEDED,-75.235,30.426118474453688,runs/fmo87/final_fmo_v4_standard_geometry/targets/TYK2/fmo/TYK2_ejm_54/run/result.json,0.0831479762565103,0.3364989980990047,runs/fmo87/final_fmo_v4_standard_geometry/targets/TYK2/minimized/TYK2_ejm_54/minimization.json,3.7821000000000016
TYK2,ejm_55,vendor/public_binding_free_energy_benchmark/fep_benchmark_inputs/structure_inputs/jacs_set/tyk2_ligands.sdf,vendor/public_binding_free_energy_benchmark/fep_benchmark_inputs/structure_inputs/jacs_set/tyk2_protein.pdb,A,COC(=O)Nc1cc(NC(=O)c2c(Cl)cccc2Cl)ccn1,0,-9.21,1,unique_canonical_smiles,TYK2_ejm_55,SUCCEEDED,-68.461,31.943427301943306,runs/fmo87/final_fmo_v4_standard_geometry/targets/TYK2/fmo/TYK2_ejm_55/run/result.json,0.076771805529788,0.1714184595936136,runs/fmo87/final_fmo_v4_standard_geometry/targets/TYK2/minimized/TYK2_ejm_55/minimization.json,3.8190000000000017
TYK2,jmc_28,vendor/public_binding_free_energy_benchmark/fep_benchmark_inputs/structure_inputs/jacs_set/tyk2_ligands.sdf,vendor/public_binding_free_energy_benchmark/fep_benchmark_inputs/structure_inputs/jacs_set/tyk2_protein.pdb,A,C[C@@H]1C[C@@H]1C(=O)Nc1cc(NC(=O)c2c(Cl)cccc2Cl)ccn1,0,-10.98,1,unique_canonical_smiles,TYK2_jmc_28,SUCCEEDED,-70.19,38.80108340084553,runs/fmo87/final_fmo_v4_standard_geometry/targets/TYK2/fmo/TYK2_jmc_28/run/result.json,0.0590363728150953,0.1571130410637977,runs/fmo87/final_fmo_v4_standard_geometry/targets/TYK2/minimized/TYK2_jmc_28/minimization.json,4.2352000000000025
TYK2,jmc_30,vendor/public_binding_free_energy_benchmark/fep_benchmark_inputs/structure_inputs/jacs_set/tyk2_ligands.sdf,vendor/public_binding_free_energy_benchmark/fep_benchmark_inputs/structure_inputs/jacs_set/tyk2_protein.pdb,A,N#C[C@@H]1C[C@@H]1C(=O)Nc1cc(NC(=O)c2c(Cl)cccc2Cl)ccn1,0,-10.94,1,unique_canonical_smiles,TYK2_jmc_30,SUCCEEDED,-79.086,32.07262486219406,runs/fmo87/final_fmo_v4_standard_geometry/targets/TYK2/fmo/TYK2_jmc_30/run/result.json,0.0619281587472296,0.1519289993087073,runs/fmo87/final_fmo_v4_standard_geometry/targets/TYK2/minimized/TYK2_jmc_30/minimization.json,3.7388800000000018
TYK2,ejm_45,vendor/public_binding_free_energy_benchmark/fep_benchmark_inputs/structure_inputs/jacs_set/tyk2_ligands.sdf,vendor/public_binding_free_energy_benchmark/fep_benchmark_inputs/structure_inputs/jacs_set/tyk2_protein.pdb,A,O=C(CC1CC1)Nc1cc(NC(=O)c2c(Cl)cccc2Cl)ccn1,0,-9.56,1,unique_canonical_smiles,TYK2_ejm_45,SUCCEEDED,-72.832,38.58316296339035,runs/fmo87/final_fmo_v4_standard_geometry/targets/TYK2/fmo/TYK2_ejm_45/run/result.json,0.0572633400512949,0.1392750355263895,runs/fmo87/final_fmo_v4_standard_geometry/targets/TYK2/minimized/TYK2_ejm_45/minimization.json,4.379300000000002
TYK2,ejm_50,vendor/public_binding_free_energy_benchmark/fep_benchmark_inputs/structure_inputs/jacs_set/tyk2_ligands.sdf,vendor/public_binding_free_energy_benchmark/fep_benchmark_inputs/structure_inputs/jacs_set/tyk2_protein.pdb,A,O=C(CO)Nc1cc(NC(=O)c2c(Cl)cccc2Cl)ccn1,0,-8.98,1,unique_canonical_smiles,TYK2_ejm_50,SUCCEEDED,-78.247,29.52501965686679,runs/fmo87/final_fmo_v4_standard_geometry/targets/TYK2/fmo/TYK2_ejm_50/run/result.json,0.0872751962659936,0.3255755969890327,runs/fmo87/final_fmo_v4_standard_geometry/targets/TYK2/minimized/TYK2_ejm_50/minimization.json,2.5715000000000003
TYK2,ejm_49,vendor/public_binding_free_energy_benchmark/fep_benchmark_inputs/structure_inputs/jacs_set/tyk2_ligands.sdf,vendor/public_binding_free_energy_benchmark/fep_benchmark_inputs/structure_inputs/jacs_set/tyk2_protein.pdb,A,O=C(Nc1cc(NC(=O)c2c(Cl)cccc2Cl)ccn1)c1ccccc1,0,-7.75,1,unique_canonical_smiles,TYK2_ejm_49,SUCCEEDED,-80.214,31.66185374557972,runs/fmo87/final_fmo_v4_standard_geometry/targets/TYK2/fmo/TYK2_ejm_49/run/result.json,0.0755687171766394,0.1794878559143704,runs/fmo87/final_fmo_v4_standard_geometry/targets/TYK2/minimized/TYK2_ejm_49/minimization.json,4.893000000000003
TYK2,ejm_46,vendor/public_binding_free_energy_benchmark/fep_benchmark_inputs/structure_inputs/jacs_set/tyk2_ligands.sdf,vendor/public_binding_free_energy_benchmark/fep_benchmark_inputs/structure_inputs/jacs_set/tyk2_protein.pdb,A,O=C(Nc1ccnc(NC(=O)C2CC2)c1)c1c(Cl)cccc1Cl,0,-11.31,1,unique_canonical_smiles,TYK2_ejm_46,SUCCEEDED,-72.009,33.49084382876754,runs/fmo87/final_fmo_v4_standard_geometry/targets/TYK2/fmo/TYK2_ejm_46/run/result.json,0.0605777914302972,0.1652891364583981,runs/fmo87/final_fmo_v4_standard_geometry/targets/TYK2/minimized/TYK2_ejm_46/minimization.json,3.989200000000002
TYK2,ejm_47,vendor/public_binding_free_energy_benchmark/fep_benchmark_inputs/structure_inputs/jacs_set/tyk2_ligands.sdf,vendor/public_binding_free_energy_benchmark/fep_benchmark_inputs/structure_inputs/jacs_set/tyk2_protein.pdb,A,O=C(Nc1ccnc(NC(=O)C2CCC2)c1)c1c(Cl)cccc1Cl,0,-9.7,1,unique_canonical_smiles,TYK2_ejm_47,SUCCEEDED,-72.31099999999999,40.32235228270292,runs/fmo87/final_fmo_v4_standard_geometry/targets/TYK2/fmo/TYK2_ejm_47/run/result.json,0.0630261239166759,0.1633161850365246,runs/fmo87/final_fmo_v4_standard_geometry/targets/TYK2/minimized/TYK2_ejm_47/minimization.json,4.379300000000002
TYK2,ejm_48,vendor/public_binding_free_energy_benchmark/fep_benchmark_inputs/structure_inputs/jacs_set/tyk2_ligands.sdf,vendor/public_binding_free_energy_benchmark/fep_benchmark_inputs/structure_inputs/jacs_set/tyk2_protein.pdb,A,O=C(Nc1ccnc(NC(=O)C2CCCC2)c1)c1c(Cl)cccc1Cl,0,-9.0,1,unique_canonical_smiles,TYK2_ejm_48,SUCCEEDED,-72.305,34.82602118700743,runs/fmo87/final_fmo_v4_standard_geometry/targets/TYK2/fmo/TYK2_ejm_48/run/result.json,0.0667415068292559,0.1384160213252995,runs/fmo87/final_fmo_v4_standard_geometry/targets/TYK2/minimized/TYK2_ejm_48/minimization.json,4.769400000000003
TYK2,jmc_27,vendor/public_binding_free_energy_benchmark/fep_benchmark_inputs/structure_inputs/jacs_set/tyk2_ligands.sdf,vendor/public_binding_free_energy_benchmark/fep_benchmark_inputs/structure_inputs/jacs_set/tyk2_protein.pdb,A,O=C(Nc1ccnc(NC(=O)[C@H]2C[C@H]2Cl)c1)c1c(Cl)cccc1Cl,0,-11.28,1,unique_canonical_smiles,TYK2_jmc_27,SUCCEEDED,-77.863,32.34294294193387,runs/fmo87/final_fmo_v4_standard_geometry/targets/TYK2/fmo/TYK2_jmc_27/run/result.json,0.0618933986308571,0.1188981122869012,runs/fmo87/final_fmo_v4_standard_geometry/targets/TYK2/minimized/TYK2_jmc_27/minimization.json,4.206500000000002
TYK2,jmc_23,vendor/public_binding_free_energy_benchmark/fep_benchmark_inputs/structure_inputs/jacs_set/tyk2_ligands.sdf,vendor/public_binding_free_energy_benchmark/fep_benchmark_inputs/structure_inputs/jacs_set/tyk2_protein.pdb,A,O=C(Nc1ccnc(NC(=O)[C@H]2C[C@H]2F)c1)c1c(Cl)cccc1Cl,0,-11.7,1,unique_canonical_smiles,TYK2_jmc_23,SUCCEEDED,-77.593,35.023571223020554,runs/fmo87/final_fmo_v4_standard_geometry/targets/TYK2/fmo/TYK2_jmc_23/run/result.json,0.0604706523892525,0.1229940261640776,runs/fmo87/final_fmo_v4_standard_geometry/targets/TYK2/minimized/TYK2_jmc_23/minimization.json,3.9372000000000016
