model,target,n,pearson_r,kendall_tau,pairwise_mae_kcal_mol,mae_noncentered_kcal_mol,mae_centered_kcal_mol,percent_within_1_noncentered_kcal_mol,percent_within_1_centered_kcal_mol,percent_within_2_noncentered_kcal_mol,percent_within_2_centered_kcal_mol
boltz2_local,CDK2,16,0.7601447815380123,0.6,0.9191244797435443,0.6544469648183966,0.6540519607841166,0.875,0.875,1.0,1.0
boltz2_local,JNK1,21,0.7967275216155268,0.6253001102209507,0.5993223252404598,0.4814581493035671,0.407376149322979,0.9047619047619048,0.9523809523809523,1.0,1.0
boltz2_local,P38,34,0.43763816353939705,0.36087106487286424,1.033601507208357,0.9681357081334516,0.7303528233817405,0.6176470588235294,0.7352941176470589,0.9705882352941176,0.9411764705882353
boltz2_local,TYK2,16,0.8081316911911959,0.5833333333333334,0.9050475129399987,1.5526853710397024,0.6603612360002209,0.3125,0.8125,0.6875,1.0
fmo_raw_tpie,CDK2,16,0.7965046694312364,0.5666666666666667,11.749908333333334,72.5246875,9.1181484375,0.0,0.0,0.0,0.0
fmo_raw_tpie,JNK1,21,0.3477790746427485,0.18615804808104638,8.301199999999998,66.44000000000001,5.9350476190476185,0.0,0.09523809523809523,0.0,0.09523809523809523
fmo_raw_tpie,P38,34,0.5681527262576374,0.3824156060593039,13.6008752228164,84.5869705882353,9.468846020761248,0.0,0.029411764705882353,0.0,0.08823529411764706
fmo_raw_tpie,TYK2,16,0.14553806001420458,0.11666666666666667,4.185966666666668,64.2105,2.724375000000001,0.0,0.375,0.0,0.5
fmo_target_fit,CDK2,16,0.8589374381024656,0.75,0.7263407832023714,0.49482445474475784,0.49482445474475784,0.9375,0.9375,1.0,1.0
fmo_target_fit,JNK1,21,0.5798747261845406,0.49164817826532764,0.8010620019444864,0.5395478747080574,0.5395478747080577,0.8095238095238095,0.8095238095238095,1.0,1.0
fmo_target_fit,P38,34,0.6540354568620491,0.4650030139406559,0.8662033628096205,0.5856169066489176,0.5856169066489011,0.7352941176470589,0.7352941176470589,1.0,1.0
fmo_target_fit,TYK2,16,0.3007319064140209,0.3333333333333333,1.4520169440618211,0.9833023027486134,0.9833023027486134,0.5,0.5,1.0,1.0
fmo_loo,CDK2,16,0.7776855026943598,0.6333333333333333,0.8933900972946621,0.6143442604991752,0.6143442604991752,0.875,0.875,1.0,1.0
fmo_loo,JNK1,21,0.3387073691249251,0.3484496797414458,0.9680714443610785,0.6465679818687263,0.6452192533531307,0.8095238095238095,0.8095238095238095,1.0,1.0
fmo_loo,P38,34,0.582178754075361,0.4039601472457436,0.9350373853107161,0.63566615442364,0.6354548597127921,0.7352941176470589,0.7352941176470589,1.0,1.0
fmo_loo,TYK2,16,-0.2737563782831705,-0.15,2.1375234939312633,1.3823590939229913,1.4136565764846563,0.5,0.4375,0.8125,0.8125
