target,ligand_name,ligand_sdf,protein_pdb,protein_chain,canonical_isomeric_smiles,formal_charge,experimental_dg_kcal_mol,source_record_count,representative_rule
CDK2,17,vendor/public_binding_free_energy_benchmark/fep_benchmark_inputs/structure_inputs/jacs_set/cdk2_ligands.sdf,vendor/public_binding_free_energy_benchmark/fep_benchmark_inputs/structure_inputs/jacs_set/cdk2_protein.pdb,A,Brc1cccc(Nc2nc(OCC3CCCCC3)c3nc[nH]c3n2)c1,0,-7.04,1,unique_canonical_smiles
CDK2,29,vendor/public_binding_free_energy_benchmark/fep_benchmark_inputs/structure_inputs/jacs_set/cdk2_ligands.sdf,vendor/public_binding_free_energy_benchmark/fep_benchmark_inputs/structure_inputs/jacs_set/cdk2_protein.pdb,A,CN(C)S(=O)(=O)c1ccc(Nc2nc(OCC3CCCCC3)c3nc[nH]c3n2)cc1,0,-9.88,1,unique_canonical_smiles
CDK2,28,vendor/public_binding_free_energy_benchmark/fep_benchmark_inputs/structure_inputs/jacs_set/cdk2_ligands.sdf,vendor/public_binding_free_energy_benchmark/fep_benchmark_inputs/structure_inputs/jacs_set/cdk2_protein.pdb,A,CNS(=O)(=O)c1ccc(Nc2nc(OCC3CCCCC3)c3nc[nH]c3n2)cc1,0,-11.11,1,unique_canonical_smiles
CDK2,32,vendor/public_binding_free_energy_benchmark/fep_benchmark_inputs/structure_inputs/jacs_set/cdk2_ligands.sdf,vendor/public_binding_free_energy_benchmark/fep_benchmark_inputs/structure_inputs/jacs_set/cdk2_protein.pdb,A,COc1cc(Nc2nc(OCC3CCCCC3)c3nc[nH]c3n2)ccc1S(N)(=O)=O,0,-9.75,1,unique_canonical_smiles
CDK2,26,vendor/public_binding_free_energy_benchmark/fep_benchmark_inputs/structure_inputs/jacs_set/cdk2_ligands.sdf,vendor/public_binding_free_energy_benchmark/fep_benchmark_inputs/structure_inputs/jacs_set/cdk2_protein.pdb,A,COc1ccc(Nc2nc(OCC3CCCCC3)c3nc[nH]c3n2)cc1,0,-8.43,1,unique_canonical_smiles
CDK2,21,vendor/public_binding_free_energy_benchmark/fep_benchmark_inputs/structure_inputs/jacs_set/cdk2_ligands.sdf,vendor/public_binding_free_energy_benchmark/fep_benchmark_inputs/structure_inputs/jacs_set/cdk2_protein.pdb,A,COc1cccc(Nc2nc(OCC3CCCCC3)c3nc[nH]c3n2)c1,0,-7.83,1,unique_canonical_smiles
CDK2,30,vendor/public_binding_free_energy_benchmark/fep_benchmark_inputs/structure_inputs/jacs_set/cdk2_ligands.sdf,vendor/public_binding_free_energy_benchmark/fep_benchmark_inputs/structure_inputs/jacs_set/cdk2_protein.pdb,A,CS(=O)(=O)c1ccc(Nc2nc(OCC3CCCCC3)c3nc[nH]c3n2)cc1,0,-9.81,1,unique_canonical_smiles
CDK2,22,vendor/public_binding_free_energy_benchmark/fep_benchmark_inputs/structure_inputs/jacs_set/cdk2_ligands.sdf,vendor/public_binding_free_energy_benchmark/fep_benchmark_inputs/structure_inputs/jacs_set/cdk2_protein.pdb,A,CSc1cccc(Nc2nc(OCC3CCCCC3)c3nc[nH]c3n2)c1,0,-7.86,1,unique_canonical_smiles
CDK2,31,vendor/public_binding_free_energy_benchmark/fep_benchmark_inputs/structure_inputs/jacs_set/cdk2_ligands.sdf,vendor/public_binding_free_energy_benchmark/fep_benchmark_inputs/structure_inputs/jacs_set/cdk2_protein.pdb,A,C[S@](=O)c1ccc(Nc2nc(OCC3CCCCC3)c3nc[nH]c3n2)cc1,0,-9.54,1,unique_canonical_smiles
CDK2,1h1r,vendor/public_binding_free_energy_benchmark/fep_benchmark_inputs/structure_inputs/jacs_set/cdk2_ligands.sdf,vendor/public_binding_free_energy_benchmark/fep_benchmark_inputs/structure_inputs/jacs_set/cdk2_protein.pdb,A,Clc1cccc(Nc2nc(OCC3CCCCC3)c3nc[nH]c3n2)c1,0,-7.67,1,unique_canonical_smiles
CDK2,1oiy,vendor/public_binding_free_energy_benchmark/fep_benchmark_inputs/structure_inputs/jacs_set/cdk2_ligands.sdf,vendor/public_binding_free_energy_benchmark/fep_benchmark_inputs/structure_inputs/jacs_set/cdk2_protein.pdb,A,NC(=O)c1ccc(Nc2nc(OCC3CCCCC3)c3nc[nH]c3n2)cc1,0,-9.79,1,unique_canonical_smiles
CDK2,1h1s,vendor/public_binding_free_energy_benchmark/fep_benchmark_inputs/structure_inputs/jacs_set/cdk2_ligands.sdf,vendor/public_binding_free_energy_benchmark/fep_benchmark_inputs/structure_inputs/jacs_set/cdk2_protein.pdb,A,NS(=O)(=O)c1ccc(Nc2nc(OCC3CCCCC3)c3nc[nH]c3n2)cc1,0,-11.25,1,unique_canonical_smiles
CDK2,1oiu,vendor/public_binding_free_energy_benchmark/fep_benchmark_inputs/structure_inputs/jacs_set/cdk2_ligands.sdf,vendor/public_binding_free_energy_benchmark/fep_benchmark_inputs/structure_inputs/jacs_set/cdk2_protein.pdb,A,NS(=O)(=O)c1cccc(Nc2nc(OCC3CCCCC3)c3nc[nH]c3n2)c1,0,-9.08,1,unique_canonical_smiles
CDK2,20,vendor/public_binding_free_energy_benchmark/fep_benchmark_inputs/structure_inputs/jacs_set/cdk2_ligands.sdf,vendor/public_binding_free_energy_benchmark/fep_benchmark_inputs/structure_inputs/jacs_set/cdk2_protein.pdb,A,OCc1cccc(Nc2nc(OCC3CCCCC3)c3nc[nH]c3n2)c1,0,-8.72,1,unique_canonical_smiles
CDK2,1oi9,vendor/public_binding_free_energy_benchmark/fep_benchmark_inputs/structure_inputs/jacs_set/cdk2_ligands.sdf,vendor/public_binding_free_energy_benchmark/fep_benchmark_inputs/structure_inputs/jacs_set/cdk2_protein.pdb,A,Oc1ccc(Nc2nc(OCC3CCCCC3)c3nc[nH]c3n2)cc1,0,-9.74,1,unique_canonical_smiles
CDK2,1h1q,vendor/public_binding_free_energy_benchmark/fep_benchmark_inputs/structure_inputs/jacs_set/cdk2_ligands.sdf,vendor/public_binding_free_energy_benchmark/fep_benchmark_inputs/structure_inputs/jacs_set/cdk2_protein.pdb,A,c1ccc(Nc2nc(OCC3CCCCC3)c3nc[nH]c3n2)cc1,0,-8.18,1,unique_canonical_smiles
JNK1,18636-1,vendor/public_binding_free_energy_benchmark/fep_benchmark_inputs/structure_inputs/jacs_set/jnk1_manual_flips_ligands.sdf,vendor/public_binding_free_energy_benchmark/fep_benchmark_inputs/structure_inputs/jacs_set/jnk1_manual_flips_protein.pdb,A,CCOc1nc(NC(=O)Cc2cc(Br)ccc2Br)cc(N)c1C#N,0,-7.51,2,unique_canonical_smiles_prefer_non_flip
JNK1,18635-1,vendor/public_binding_free_energy_benchmark/fep_benchmark_inputs/structure_inputs/jacs_set/jnk1_manual_flips_ligands.sdf,vendor/public_binding_free_energy_benchmark/fep_benchmark_inputs/structure_inputs/jacs_set/jnk1_manual_flips_protein.pdb,A,CCOc1nc(NC(=O)Cc2cc(C)ccc2C)cc(N)c1C#N,0,-7.29,2,unique_canonical_smiles_prefer_non_flip
JNK1,17124-1,vendor/public_binding_free_energy_benchmark/fep_benchmark_inputs/structure_inputs/jacs_set/jnk1_manual_flips_ligands.sdf,vendor/public_binding_free_energy_benchmark/fep_benchmark_inputs/structure_inputs/jacs_set/jnk1_manual_flips_protein.pdb,A,CCOc1nc(NC(=O)Cc2cc(OC)c(Br)cc2OC)cc(N)c1C#N,0,-9.68,2,unique_canonical_smiles_prefer_non_flip
JNK1,18637-1,vendor/public_binding_free_energy_benchmark/fep_benchmark_inputs/structure_inputs/jacs_set/jnk1_manual_flips_ligands.sdf,vendor/public_binding_free_energy_benchmark/fep_benchmark_inputs/structure_inputs/jacs_set/jnk1_manual_flips_protein.pdb,A,CCOc1nc(NC(=O)Cc2cc(OC)c(NC(C)=O)cc2OC)cc(N)c1C#N,0,-10.14,2,unique_canonical_smiles_prefer_non_flip
JNK1,18638-1,vendor/public_binding_free_energy_benchmark/fep_benchmark_inputs/structure_inputs/jacs_set/jnk1_manual_flips_ligands.sdf,vendor/public_binding_free_energy_benchmark/fep_benchmark_inputs/structure_inputs/jacs_set/jnk1_manual_flips_protein.pdb,A,CCOc1nc(NC(=O)Cc2cc(OC)c(S(C)(=O)=O)cc2OC)cc(N)c1C#N,0,-10.09,2,unique_canonical_smiles_prefer_non_flip
JNK1,18639-1,vendor/public_binding_free_energy_benchmark/fep_benchmark_inputs/structure_inputs/jacs_set/jnk1_manual_flips_ligands.sdf,vendor/public_binding_free_energy_benchmark/fep_benchmark_inputs/structure_inputs/jacs_set/jnk1_manual_flips_protein.pdb,A,CCOc1nc(NC(=O)Cc2cc(OC)c([N+](=O)[O-])cc2OC)cc(N)c1C#N,0,-9.74,2,unique_canonical_smiles_prefer_non_flip
JNK1,18634-1,vendor/public_binding_free_energy_benchmark/fep_benchmark_inputs/structure_inputs/jacs_set/jnk1_manual_flips_ligands.sdf,vendor/public_binding_free_energy_benchmark/fep_benchmark_inputs/structure_inputs/jacs_set/jnk1_manual_flips_protein.pdb,A,CCOc1nc(NC(=O)Cc2cc(OC)ccc2OC)cc(N)c1C#N,0,-9.99,2,unique_canonical_smiles_prefer_non_flip
JNK1,18630-1,vendor/public_binding_free_energy_benchmark/fep_benchmark_inputs/structure_inputs/jacs_set/jnk1_manual_flips_ligands.sdf,vendor/public_binding_free_energy_benchmark/fep_benchmark_inputs/structure_inputs/jacs_set/jnk1_manual_flips_protein.pdb,A,CCOc1nc(NC(=O)Cc2ccc(C)cc2)cc(N)c1C#N,0,-9.14,1,unique_canonical_smiles
JNK1,18627-1,vendor/public_binding_free_energy_benchmark/fep_benchmark_inputs/structure_inputs/jacs_set/jnk1_manual_flips_ligands.sdf,vendor/public_binding_free_energy_benchmark/fep_benchmark_inputs/structure_inputs/jacs_set/jnk1_manual_flips_protein.pdb,A,CCOc1nc(NC(=O)Cc2ccc(Cl)cc2)cc(N)c1C#N,0,-8.48,1,unique_canonical_smiles
JNK1,18633-1,vendor/public_binding_free_energy_benchmark/fep_benchmark_inputs/structure_inputs/jacs_set/jnk1_manual_flips_ligands.sdf,vendor/public_binding_free_energy_benchmark/fep_benchmark_inputs/structure_inputs/jacs_set/jnk1_manual_flips_protein.pdb,A,CCOc1nc(NC(=O)Cc2ccc(OC)cc2)cc(N)c1C#N,0,-9.17,1,unique_canonical_smiles
JNK1,18629-1,vendor/public_binding_free_energy_benchmark/fep_benchmark_inputs/structure_inputs/jacs_set/jnk1_manual_flips_ligands.sdf,vendor/public_binding_free_energy_benchmark/fep_benchmark_inputs/structure_inputs/jacs_set/jnk1_manual_flips_protein.pdb,A,CCOc1nc(NC(=O)Cc2cccc(C)c2)cc(N)c1C#N,0,-8.67,2,unique_canonical_smiles_prefer_non_flip
JNK1,18626-1,vendor/public_binding_free_energy_benchmark/fep_benchmark_inputs/structure_inputs/jacs_set/jnk1_manual_flips_ligands.sdf,vendor/public_binding_free_energy_benchmark/fep_benchmark_inputs/structure_inputs/jacs_set/jnk1_manual_flips_protein.pdb,A,CCOc1nc(NC(=O)Cc2cccc(Cl)c2)cc(N)c1C#N,0,-8.87,2,unique_canonical_smiles_prefer_non_flip
JNK1,18632-1,vendor/public_binding_free_energy_benchmark/fep_benchmark_inputs/structure_inputs/jacs_set/jnk1_manual_flips_ligands.sdf,vendor/public_binding_free_energy_benchmark/fep_benchmark_inputs/structure_inputs/jacs_set/jnk1_manual_flips_protein.pdb,A,CCOc1nc(NC(=O)Cc2cccc(OC)c2)cc(N)c1C#N,0,-9.08,2,unique_canonical_smiles_prefer_non_flip
JNK1,18624-1,vendor/public_binding_free_energy_benchmark/fep_benchmark_inputs/structure_inputs/jacs_set/jnk1_manual_flips_ligands.sdf,vendor/public_binding_free_energy_benchmark/fep_benchmark_inputs/structure_inputs/jacs_set/jnk1_manual_flips_protein.pdb,A,CCOc1nc(NC(=O)Cc2ccccc2)cc(N)c1C#N,0,-8.49,1,unique_canonical_smiles
JNK1,18628-1,vendor/public_binding_free_energy_benchmark/fep_benchmark_inputs/structure_inputs/jacs_set/jnk1_manual_flips_ligands.sdf,vendor/public_binding_free_energy_benchmark/fep_benchmark_inputs/structure_inputs/jacs_set/jnk1_manual_flips_protein.pdb,A,CCOc1nc(NC(=O)Cc2ccccc2C)cc(N)c1C#N,0,-8.7,2,unique_canonical_smiles_prefer_non_flip
JNK1,18625-1,vendor/public_binding_free_energy_benchmark/fep_benchmark_inputs/structure_inputs/jacs_set/jnk1_manual_flips_ligands.sdf,vendor/public_binding_free_energy_benchmark/fep_benchmark_inputs/structure_inputs/jacs_set/jnk1_manual_flips_protein.pdb,A,CCOc1nc(NC(=O)Cc2ccccc2Cl)cc(N)c1C#N,0,-8.11,2,unique_canonical_smiles_prefer_non_flip
JNK1,18631-1,vendor/public_binding_free_energy_benchmark/fep_benchmark_inputs/structure_inputs/jacs_set/jnk1_manual_flips_ligands.sdf,vendor/public_binding_free_energy_benchmark/fep_benchmark_inputs/structure_inputs/jacs_set/jnk1_manual_flips_protein.pdb,A,CCOc1nc(NC(=O)Cc2ccccc2OC)cc(N)c1C#N,0,-9.41,2,unique_canonical_smiles_prefer_non_flip
JNK1,18659-1,vendor/public_binding_free_energy_benchmark/fep_benchmark_inputs/structure_inputs/jacs_set/jnk1_manual_flips_ligands.sdf,vendor/public_binding_free_energy_benchmark/fep_benchmark_inputs/structure_inputs/jacs_set/jnk1_manual_flips_protein.pdb,A,COCCOc1nc(NC(=O)Cc2cc(OC)ccc2OC)cc(N)c1C#N,0,-9.47,2,unique_canonical_smiles_prefer_non_flip
JNK1,18652-1,vendor/public_binding_free_energy_benchmark/fep_benchmark_inputs/structure_inputs/jacs_set/jnk1_manual_flips_ligands.sdf,vendor/public_binding_free_energy_benchmark/fep_benchmark_inputs/structure_inputs/jacs_set/jnk1_manual_flips_protein.pdb,A,COc1cc(S(C)(=O)=O)c(OC)cc1CC(=O)Nc1cc(N)c(C#N)c(OC(C)C)n1,0,-10.68,2,unique_canonical_smiles_prefer_non_flip
JNK1,18658-1,vendor/public_binding_free_energy_benchmark/fep_benchmark_inputs/structure_inputs/jacs_set/jnk1_manual_flips_ligands.sdf,vendor/public_binding_free_energy_benchmark/fep_benchmark_inputs/structure_inputs/jacs_set/jnk1_manual_flips_protein.pdb,A,COc1ccc(OC)c(CC(=O)Nc2cc(N)c(C#N)c(OCCO)n2)c1,0,-9.7,2,unique_canonical_smiles_prefer_non_flip
JNK1,18660-1,vendor/public_binding_free_energy_benchmark/fep_benchmark_inputs/structure_inputs/jacs_set/jnk1_manual_flips_ligands.sdf,vendor/public_binding_free_energy_benchmark/fep_benchmark_inputs/structure_inputs/jacs_set/jnk1_manual_flips_protein.pdb,A,COc1ccc(OC)c(CC(=O)Nc2cc(N)c(C#N)c(OCCS(C)(=O)=O)n2)c1,0,-8.7,2,unique_canonical_smiles_prefer_non_flip
P38,2ee,vendor/public_binding_free_energy_benchmark/fep_benchmark_inputs/structure_inputs/jacs_set/p38_ligands.sdf,vendor/public_binding_free_energy_benchmark/fep_benchmark_inputs/structure_inputs/jacs_set/p38_protein.pdb,C,CC(=O)N1CCC(Nc2ncc3cc(Oc4ccc(F)cc4F)c(=O)n(C)c3n2)CC1,0,-12.26,1,unique_canonical_smiles
P38,2r,vendor/public_binding_free_energy_benchmark/fep_benchmark_inputs/structure_inputs/jacs_set/p38_ligands.sdf,vendor/public_binding_free_energy_benchmark/fep_benchmark_inputs/structure_inputs/jacs_set/p38_protein.pdb,C,CC(C)(O)Cn1c(=O)c(Oc2ccc(F)cc2F)cc2cnc(NC3CCOCC3)nc21,0,-10.79,1,unique_canonical_smiles
P38,3fly,vendor/public_binding_free_energy_benchmark/fep_benchmark_inputs/structure_inputs/jacs_set/p38_ligands.sdf,vendor/public_binding_free_energy_benchmark/fep_benchmark_inputs/structure_inputs/jacs_set/p38_protein.pdb,C,CC(C)Nc1ncc2cc(Oc3ccc(F)cc3F)c(=O)n(C)c2n1,0,-11.42,1,unique_canonical_smiles
P38,2l,vendor/public_binding_free_energy_benchmark/fep_benchmark_inputs/structure_inputs/jacs_set/p38_ligands.sdf,vendor/public_binding_free_energy_benchmark/fep_benchmark_inputs/structure_inputs/jacs_set/p38_protein.pdb,C,CCn1c(=O)c(Oc2ccc(F)cc2F)cc2cnc(NC3CCOCC3)nc21,0,-12.26,1,unique_canonical_smiles
P38,2v,vendor/public_binding_free_energy_benchmark/fep_benchmark_inputs/structure_inputs/jacs_set/p38_ligands.sdf,vendor/public_binding_free_energy_benchmark/fep_benchmark_inputs/structure_inputs/jacs_set/p38_protein.pdb,C,CNc1ncc2cc(Oc3ccc(F)cc3F)c(=O)n(C)c2n1,0,-8.97,1,unique_canonical_smiles
P38,2p,vendor/public_binding_free_energy_benchmark/fep_benchmark_inputs/structure_inputs/jacs_set/p38_ligands.sdf,vendor/public_binding_free_energy_benchmark/fep_benchmark_inputs/structure_inputs/jacs_set/p38_protein.pdb,C,CS(=O)(=O)CCCn1c(=O)c(Oc2ccc(F)cc2F)cc2cnc(NC3CCOCC3)nc21,0,-11.2,1,unique_canonical_smiles
P38,2o,vendor/public_binding_free_energy_benchmark/fep_benchmark_inputs/structure_inputs/jacs_set/p38_ligands.sdf,vendor/public_binding_free_energy_benchmark/fep_benchmark_inputs/structure_inputs/jacs_set/p38_protein.pdb,C,CS(=O)(=O)CCn1c(=O)c(Oc2ccc(F)cc2F)cc2cnc(NC3CCOCC3)nc21,0,-10.49,1,unique_canonical_smiles
P38,2u,vendor/public_binding_free_energy_benchmark/fep_benchmark_inputs/structure_inputs/jacs_set/p38_ligands.sdf,vendor/public_binding_free_energy_benchmark/fep_benchmark_inputs/structure_inputs/jacs_set/p38_protein.pdb,C,CS(=O)(=O)N1CCC(n2c(=O)c(Oc3ccc(F)cc3F)cc3cnc(NC4CCOCC4)nc32)CC1,0,-12.26,1,unique_canonical_smiles
P38,3flq,vendor/public_binding_free_energy_benchmark/fep_benchmark_inputs/structure_inputs/jacs_set/p38_ligands.sdf,vendor/public_binding_free_energy_benchmark/fep_benchmark_inputs/structure_inputs/jacs_set/p38_protein.pdb,C,C[C@@H](CS(C)(=O)=O)Nc1ncc2cc(Oc3ccc(F)cc3F)c(=O)n(C)c2n1,0,-9.93,1,unique_canonical_smiles
P38,3fmk,vendor/public_binding_free_energy_benchmark/fep_benchmark_inputs/structure_inputs/jacs_set/p38_ligands.sdf,vendor/public_binding_free_energy_benchmark/fep_benchmark_inputs/structure_inputs/jacs_set/p38_protein.pdb,C,C[C@@H](Cn1ncnn1)Nc1ncc2cc(Oc3ccc(F)cc3F)c(=O)n(C)c2n1,0,-11.83,1,unique_canonical_smiles
P38,3fmh,vendor/public_binding_free_energy_benchmark/fep_benchmark_inputs/structure_inputs/jacs_set/p38_ligands.sdf,vendor/public_binding_free_energy_benchmark/fep_benchmark_inputs/structure_inputs/jacs_set/p38_protein.pdb,C,C[C@H](Cn1ncnn1)Nc1ncc2cc(Oc3ccc(F)cc3F)c(=O)n(C)c2n1,0,-10.83,1,unique_canonical_smiles
P38,2c,vendor/public_binding_free_energy_benchmark/fep_benchmark_inputs/structure_inputs/jacs_set/p38_ligands.sdf,vendor/public_binding_free_energy_benchmark/fep_benchmark_inputs/structure_inputs/jacs_set/p38_protein.pdb,C,Cn1c(=O)c(-c2ccccc2Cl)cc2cnc(NC3CCOCC3)nc21,0,-10.46,1,unique_canonical_smiles
P38,2j,vendor/public_binding_free_energy_benchmark/fep_benchmark_inputs/structure_inputs/jacs_set/p38_ligands.sdf,vendor/public_binding_free_energy_benchmark/fep_benchmark_inputs/structure_inputs/jacs_set/p38_protein.pdb,C,Cn1c(=O)c(Cc2ccc(F)cc2F)cc2cnc(NC3CCOCC3)nc21,0,-10.08,1,unique_canonical_smiles
P38,2i,vendor/public_binding_free_energy_benchmark/fep_benchmark_inputs/structure_inputs/jacs_set/p38_ligands.sdf,vendor/public_binding_free_energy_benchmark/fep_benchmark_inputs/structure_inputs/jacs_set/p38_protein.pdb,C,Cn1c(=O)c(Cc2ccccc2F)cc2cnc(NC3CCOCC3)nc21,0,-10.05,1,unique_canonical_smiles
P38,2e,vendor/public_binding_free_energy_benchmark/fep_benchmark_inputs/structure_inputs/jacs_set/p38_ligands.sdf,vendor/public_binding_free_energy_benchmark/fep_benchmark_inputs/structure_inputs/jacs_set/p38_protein.pdb,C,Cn1c(=O)c(Oc2ccc(F)cc2)cc2cnc(NC3CCOCC3)nc21,0,-10.7,1,unique_canonical_smiles
P38,2z,vendor/public_binding_free_energy_benchmark/fep_benchmark_inputs/structure_inputs/jacs_set/p38_ligands.sdf,vendor/public_binding_free_energy_benchmark/fep_benchmark_inputs/structure_inputs/jacs_set/p38_protein.pdb,C,Cn1c(=O)c(Oc2ccc(F)cc2F)cc2cnc(NC(C)(C)CO)nc21,0,-10.36,1,unique_canonical_smiles
P38,3flw,vendor/public_binding_free_energy_benchmark/fep_benchmark_inputs/structure_inputs/jacs_set/p38_ligands.sdf,vendor/public_binding_free_energy_benchmark/fep_benchmark_inputs/structure_inputs/jacs_set/p38_protein.pdb,C,Cn1c(=O)c(Oc2ccc(F)cc2F)cc2cnc(NC(CCO)CCO)nc21,0,-10.68,1,unique_canonical_smiles
P38,2aa,vendor/public_binding_free_energy_benchmark/fep_benchmark_inputs/structure_inputs/jacs_set/p38_ligands.sdf,vendor/public_binding_free_energy_benchmark/fep_benchmark_inputs/structure_inputs/jacs_set/p38_protein.pdb,C,Cn1c(=O)c(Oc2ccc(F)cc2F)cc2cnc(NC(CO)CO)nc21,0,-9.27,1,unique_canonical_smiles
P38,3fln,vendor/public_binding_free_energy_benchmark/fep_benchmark_inputs/structure_inputs/jacs_set/p38_ligands.sdf,vendor/public_binding_free_energy_benchmark/fep_benchmark_inputs/structure_inputs/jacs_set/p38_protein.pdb,C,Cn1c(=O)c(Oc2ccc(F)cc2F)cc2cnc(NC3CCOCC3)nc21,0,-10.88,1,unique_canonical_smiles
P38,2gg,vendor/public_binding_free_energy_benchmark/fep_benchmark_inputs/structure_inputs/jacs_set/p38_ligands.sdf,vendor/public_binding_free_energy_benchmark/fep_benchmark_inputs/structure_inputs/jacs_set/p38_protein.pdb,C,Cn1c(=O)c(Oc2ccc(F)cc2F)cc2cnc(NC3CCS(=O)(=O)CC3)nc21,0,-10.66,1,unique_canonical_smiles
P38,2y,vendor/public_binding_free_energy_benchmark/fep_benchmark_inputs/structure_inputs/jacs_set/p38_ligands.sdf,vendor/public_binding_free_energy_benchmark/fep_benchmark_inputs/structure_inputs/jacs_set/p38_protein.pdb,C,Cn1c(=O)c(Oc2ccc(F)cc2F)cc2cnc(NCC(C)(C)O)nc21,0,-9.78,1,unique_canonical_smiles
P38,2bb,vendor/public_binding_free_energy_benchmark/fep_benchmark_inputs/structure_inputs/jacs_set/p38_ligands.sdf,vendor/public_binding_free_energy_benchmark/fep_benchmark_inputs/structure_inputs/jacs_set/p38_protein.pdb,C,Cn1c(=O)c(Oc2ccc(F)cc2F)cc2cnc(NCCS(C)(=O)=O)nc21,0,-9.06,1,unique_canonical_smiles
P38,2x,vendor/public_binding_free_energy_benchmark/fep_benchmark_inputs/structure_inputs/jacs_set/p38_ligands.sdf,vendor/public_binding_free_energy_benchmark/fep_benchmark_inputs/structure_inputs/jacs_set/p38_protein.pdb,C,Cn1c(=O)c(Oc2ccc(F)cc2F)cc2cnc(N[C@H]3CCOC3)nc21,0,-10.23,1,unique_canonical_smiles
P38,2ff,vendor/public_binding_free_energy_benchmark/fep_benchmark_inputs/structure_inputs/jacs_set/p38_ligands.sdf,vendor/public_binding_free_energy_benchmark/fep_benchmark_inputs/structure_inputs/jacs_set/p38_protein.pdb,C,Cn1c(=O)c(Oc2ccc(F)cc2F)cc2cnc(N[C@H]3CC[C@H](O)CC3)nc21,0,-11.44,1,unique_canonical_smiles
P38,2f,vendor/public_binding_free_energy_benchmark/fep_benchmark_inputs/structure_inputs/jacs_set/p38_ligands.sdf,vendor/public_binding_free_energy_benchmark/fep_benchmark_inputs/structure_inputs/jacs_set/p38_protein.pdb,C,Cn1c(=O)c(Oc2cccc(F)c2)cc2cnc(NC3CCOCC3)nc21,0,-8.48,1,unique_canonical_smiles
P38,3flz,vendor/public_binding_free_energy_benchmark/fep_benchmark_inputs/structure_inputs/jacs_set/p38_ligands.sdf,vendor/public_binding_free_energy_benchmark/fep_benchmark_inputs/structure_inputs/jacs_set/p38_protein.pdb,C,Cn1c(=O)c(Oc2ccccc2)cc2cnc(NC3CCOCC3)nc21,0,-9.49,1,unique_canonical_smiles
P38,2g,vendor/public_binding_free_energy_benchmark/fep_benchmark_inputs/structure_inputs/jacs_set/p38_ligands.sdf,vendor/public_binding_free_energy_benchmark/fep_benchmark_inputs/structure_inputs/jacs_set/p38_protein.pdb,C,Cn1c(=O)c(Oc2ccccc2F)cc2cnc(NC3CCOCC3)nc21,0,-10.66,1,unique_canonical_smiles
P38,2h,vendor/public_binding_free_energy_benchmark/fep_benchmark_inputs/structure_inputs/jacs_set/p38_ligands.sdf,vendor/public_binding_free_energy_benchmark/fep_benchmark_inputs/structure_inputs/jacs_set/p38_protein.pdb,C,Cn1c(=O)c(Sc2ccccc2F)cc2cnc(NC3CCOCC3)nc21,0,-9.48,1,unique_canonical_smiles
P38,2t,vendor/public_binding_free_energy_benchmark/fep_benchmark_inputs/structure_inputs/jacs_set/p38_ligands.sdf,vendor/public_binding_free_energy_benchmark/fep_benchmark_inputs/structure_inputs/jacs_set/p38_protein.pdb,C,N#CCn1c(=O)c(Oc2ccc(F)cc2F)cc2cnc(NC3CCOCC3)nc21,0,-11.85,1,unique_canonical_smiles
P38,2k,vendor/public_binding_free_energy_benchmark/fep_benchmark_inputs/structure_inputs/jacs_set/p38_ligands.sdf,vendor/public_binding_free_energy_benchmark/fep_benchmark_inputs/structure_inputs/jacs_set/p38_protein.pdb,C,O=c1[nH]c2nc(NC3CCOCC3)ncc2cc1Oc1ccc(F)cc1F,0,-10.55,1,unique_canonical_smiles
P38,2m,vendor/public_binding_free_energy_benchmark/fep_benchmark_inputs/structure_inputs/jacs_set/p38_ligands.sdf,vendor/public_binding_free_energy_benchmark/fep_benchmark_inputs/structure_inputs/jacs_set/p38_protein.pdb,C,O=c1c(Oc2ccc(F)cc2F)cc2cnc(NC3CCOCC3)nc2n1C1CC1,0,-10.96,1,unique_canonical_smiles
P38,2q,vendor/public_binding_free_energy_benchmark/fep_benchmark_inputs/structure_inputs/jacs_set/p38_ligands.sdf,vendor/public_binding_free_energy_benchmark/fep_benchmark_inputs/structure_inputs/jacs_set/p38_protein.pdb,C,O=c1c(Oc2ccc(F)cc2F)cc2cnc(NC3CCOCC3)nc2n1C1CCS(=O)(=O)CC1,0,-12.26,1,unique_canonical_smiles
P38,2n,vendor/public_binding_free_energy_benchmark/fep_benchmark_inputs/structure_inputs/jacs_set/p38_ligands.sdf,vendor/public_binding_free_energy_benchmark/fep_benchmark_inputs/structure_inputs/jacs_set/p38_protein.pdb,C,O=c1c(Oc2ccc(F)cc2F)cc2cnc(NC3CCOCC3)nc2n1CCCO,0,-11.85,1,unique_canonical_smiles
P38,2s,vendor/public_binding_free_energy_benchmark/fep_benchmark_inputs/structure_inputs/jacs_set/p38_ligands.sdf,vendor/public_binding_free_energy_benchmark/fep_benchmark_inputs/structure_inputs/jacs_set/p38_protein.pdb,C,O=c1c(Oc2ccc(F)cc2F)cc2cnc(NC3CCOCC3)nc2n1C[C@H](O)CO,0,-11.11,1,unique_canonical_smiles
TYK2,ejm_31,vendor/public_binding_free_energy_benchmark/fep_benchmark_inputs/structure_inputs/jacs_set/tyk2_ligands.sdf,vendor/public_binding_free_energy_benchmark/fep_benchmark_inputs/structure_inputs/jacs_set/tyk2_protein.pdb,A,CC(=O)Nc1cc(NC(=O)c2c(Cl)cccc2Cl)ccn1,0,-9.54,1,unique_canonical_smiles
TYK2,ejm_44,vendor/public_binding_free_energy_benchmark/fep_benchmark_inputs/structure_inputs/jacs_set/tyk2_ligands.sdf,vendor/public_binding_free_energy_benchmark/fep_benchmark_inputs/structure_inputs/jacs_set/tyk2_protein.pdb,A,CC(C)(C)C(=O)Nc1cc(NC(=O)c2c(Cl)cccc2Cl)ccn1,0,-7.42,1,unique_canonical_smiles
TYK2,ejm_43,vendor/public_binding_free_energy_benchmark/fep_benchmark_inputs/structure_inputs/jacs_set/tyk2_ligands.sdf,vendor/public_binding_free_energy_benchmark/fep_benchmark_inputs/structure_inputs/jacs_set/tyk2_protein.pdb,A,CC(C)C(=O)Nc1cc(NC(=O)c2c(Cl)cccc2Cl)ccn1,0,-8.26,1,unique_canonical_smiles
TYK2,ejm_42,vendor/public_binding_free_energy_benchmark/fep_benchmark_inputs/structure_inputs/jacs_set/tyk2_ligands.sdf,vendor/public_binding_free_energy_benchmark/fep_benchmark_inputs/structure_inputs/jacs_set/tyk2_protein.pdb,A,CCC(=O)Nc1cc(NC(=O)c2c(Cl)cccc2Cl)ccn1,0,-9.78,1,unique_canonical_smiles
TYK2,ejm_54,vendor/public_binding_free_energy_benchmark/fep_benchmark_inputs/structure_inputs/jacs_set/tyk2_ligands.sdf,vendor/public_binding_free_energy_benchmark/fep_benchmark_inputs/structure_inputs/jacs_set/tyk2_protein.pdb,A,CCNC(=O)Nc1cc(NC(=O)c2c(Cl)cccc2Cl)ccn1,0,-10.53,1,unique_canonical_smiles
TYK2,ejm_55,vendor/public_binding_free_energy_benchmark/fep_benchmark_inputs/structure_inputs/jacs_set/tyk2_ligands.sdf,vendor/public_binding_free_energy_benchmark/fep_benchmark_inputs/structure_inputs/jacs_set/tyk2_protein.pdb,A,COC(=O)Nc1cc(NC(=O)c2c(Cl)cccc2Cl)ccn1,0,-9.21,1,unique_canonical_smiles
TYK2,jmc_28,vendor/public_binding_free_energy_benchmark/fep_benchmark_inputs/structure_inputs/jacs_set/tyk2_ligands.sdf,vendor/public_binding_free_energy_benchmark/fep_benchmark_inputs/structure_inputs/jacs_set/tyk2_protein.pdb,A,C[C@@H]1C[C@@H]1C(=O)Nc1cc(NC(=O)c2c(Cl)cccc2Cl)ccn1,0,-10.98,1,unique_canonical_smiles
TYK2,jmc_30,vendor/public_binding_free_energy_benchmark/fep_benchmark_inputs/structure_inputs/jacs_set/tyk2_ligands.sdf,vendor/public_binding_free_energy_benchmark/fep_benchmark_inputs/structure_inputs/jacs_set/tyk2_protein.pdb,A,N#C[C@@H]1C[C@@H]1C(=O)Nc1cc(NC(=O)c2c(Cl)cccc2Cl)ccn1,0,-10.94,1,unique_canonical_smiles
TYK2,ejm_45,vendor/public_binding_free_energy_benchmark/fep_benchmark_inputs/structure_inputs/jacs_set/tyk2_ligands.sdf,vendor/public_binding_free_energy_benchmark/fep_benchmark_inputs/structure_inputs/jacs_set/tyk2_protein.pdb,A,O=C(CC1CC1)Nc1cc(NC(=O)c2c(Cl)cccc2Cl)ccn1,0,-9.56,1,unique_canonical_smiles
TYK2,ejm_50,vendor/public_binding_free_energy_benchmark/fep_benchmark_inputs/structure_inputs/jacs_set/tyk2_ligands.sdf,vendor/public_binding_free_energy_benchmark/fep_benchmark_inputs/structure_inputs/jacs_set/tyk2_protein.pdb,A,O=C(CO)Nc1cc(NC(=O)c2c(Cl)cccc2Cl)ccn1,0,-8.98,1,unique_canonical_smiles
TYK2,ejm_49,vendor/public_binding_free_energy_benchmark/fep_benchmark_inputs/structure_inputs/jacs_set/tyk2_ligands.sdf,vendor/public_binding_free_energy_benchmark/fep_benchmark_inputs/structure_inputs/jacs_set/tyk2_protein.pdb,A,O=C(Nc1cc(NC(=O)c2c(Cl)cccc2Cl)ccn1)c1ccccc1,0,-7.75,1,unique_canonical_smiles
TYK2,ejm_46,vendor/public_binding_free_energy_benchmark/fep_benchmark_inputs/structure_inputs/jacs_set/tyk2_ligands.sdf,vendor/public_binding_free_energy_benchmark/fep_benchmark_inputs/structure_inputs/jacs_set/tyk2_protein.pdb,A,O=C(Nc1ccnc(NC(=O)C2CC2)c1)c1c(Cl)cccc1Cl,0,-11.31,1,unique_canonical_smiles
TYK2,ejm_47,vendor/public_binding_free_energy_benchmark/fep_benchmark_inputs/structure_inputs/jacs_set/tyk2_ligands.sdf,vendor/public_binding_free_energy_benchmark/fep_benchmark_inputs/structure_inputs/jacs_set/tyk2_protein.pdb,A,O=C(Nc1ccnc(NC(=O)C2CCC2)c1)c1c(Cl)cccc1Cl,0,-9.7,1,unique_canonical_smiles
TYK2,ejm_48,vendor/public_binding_free_energy_benchmark/fep_benchmark_inputs/structure_inputs/jacs_set/tyk2_ligands.sdf,vendor/public_binding_free_energy_benchmark/fep_benchmark_inputs/structure_inputs/jacs_set/tyk2_protein.pdb,A,O=C(Nc1ccnc(NC(=O)C2CCCC2)c1)c1c(Cl)cccc1Cl,0,-9.0,1,unique_canonical_smiles
TYK2,jmc_27,vendor/public_binding_free_energy_benchmark/fep_benchmark_inputs/structure_inputs/jacs_set/tyk2_ligands.sdf,vendor/public_binding_free_energy_benchmark/fep_benchmark_inputs/structure_inputs/jacs_set/tyk2_protein.pdb,A,O=C(Nc1ccnc(NC(=O)[C@H]2C[C@H]2Cl)c1)c1c(Cl)cccc1Cl,0,-11.28,1,unique_canonical_smiles
TYK2,jmc_23,vendor/public_binding_free_energy_benchmark/fep_benchmark_inputs/structure_inputs/jacs_set/tyk2_ligands.sdf,vendor/public_binding_free_energy_benchmark/fep_benchmark_inputs/structure_inputs/jacs_set/tyk2_protein.pdb,A,O=C(Nc1ccnc(NC(=O)[C@H]2C[C@H]2F)c1)c1c(Cl)cccc1Cl,0,-11.7,1,unique_canonical_smiles
